rel_path,file_type,parse_status,page_count,parsed_json
2024년 모듈발주\징코모듈\발주서(200MW 3개사)\징코 200MW 진행의 건\탑솔라  125MW\징코모듈 630WP  40MW 선적 2024.09.27개설\1차선적 5580pcs(3.5MW) 10.25선적\1. 8000016155-Z20241014208-CI.pdf,CI,success,2,"{""invoice_no"": ""Z20241014208"", ""lc_no"": ""M12MK2409NU00040"", ""pa_no"": ""Description"", ""hs_code"": ""8541430000"", ""trade_term"": ""CIF"", ""country_of_origin"": ""China"", ""model"": ""JKM630N-78HL4-BDV-S"", ""qty_pc"": 5580, ""total_watt"": 3515400, ""total_usd"": 369117.0}"
2024년 모듈발주\징코모듈\발주서(200MW 3개사)\징코 200MW 진행의 건\탑솔라  125MW\징코모듈 630WP  40MW 선적 2024.09.27개설\1차선적 5580pcs(3.5MW) 10.25선적\2. 8000016155-Z20241014208-PL.pdf,PL,success,1,"{""invoice_no"": ""Z20241014208"", ""lc_no"": ""M12MK2409NU00040"", ""pa_no"": ""MCKRJH24Q104"", ""hs_code"": ""8541430000"", ""country_of_origin"": ""China"", ""model"": ""JKM630N-78HL4"", ""qty_pc"": 5580}"
2024년 모듈발주\징코모듈\발주서(200MW 3개사)\징코 200MW 진행의 건\탑솔라  125MW\징코모듈 630WP  40MW 선적 2024.09.27개설\2차 징코 630WP 9216pcs\1.8000012868-CUSTOMS-Z20241012070-2-CI.pdf,CI,success,1,"{""invoice_no"": ""Z20241012070"", ""lc_no"": ""M12MK2409NU00040"", ""pa_no"": ""Description"", ""hs_code"": ""8541430000"", ""trade_term"": ""CIF"", ""country_of_origin"": ""China"", ""model"": ""JKM630N-78HL4"", ""qty_pc"": 1476, ""total_watt"": 5806080, ""total_usd"": 609638.0}"
2024년 모듈발주\징코모듈\발주서(200MW 3개사)\징코 200MW 진행의 건\탑솔라  125MW\징코모듈 630WP  40MW 선적 2024.09.27개설\2차 징코 630WP 9216pcs\2.8000012868-CUSTOMS-Z20241012070-2-PL(update).pdf,PL,success,1,"{""invoice_no"": ""Z20241012070"", ""lc_no"": ""M12MK2409NU00040"", ""pa_no"": ""MCKRJH24Q104"", ""hs_code"": ""8541430000"", ""country_of_origin"": ""China"", ""model"": ""JKM630N-78HL4"", ""qty_pc"": 1476, ""pallets"": 360}"
2024년 모듈발주\징코모듈\발주서(200MW 3개사)\징코 200MW 진행의 건\탑솔라  125MW\징코모듈 630WP  40MW 선적 2024.09.27개설\3차징코 630WP 12672pcs\1.8000012866-Z20241012068-2-CI.pdf,CI,success,1,"{""invoice_no"": ""Z20241012068"", ""lc_no"": ""M12MK2409NU00040"", ""pa_no"": ""MCKRJH24Q104"", ""hs_code"": ""8541430000"", ""trade_term"": ""CIF"", ""country_of_origin"": ""China"", ""model"": ""JKM630N-78HL4"", ""qty_pc"": 2880, ""total_watt"": 7983360, ""total_usd"": 838252.0}"
2024년 모듈발주\징코모듈\발주서(200MW 3개사)\징코 200MW 진행의 건\탑솔라  125MW\징코모듈 630WP  40MW 선적 2024.09.27개설\3차징코 630WP 12672pcs\2.8000012866-Z20241012068-2-PL.pdf,PL,success,1,"{""invoice_no"": ""Z20241012068"", ""lc_no"": ""M12MK2409NU00040"", ""pa_no"": ""MCKRJH24Q104"", ""hs_code"": ""8541430000"", ""country_of_origin"": ""China"", ""model"": ""JKM630N-78HL4"", ""qty_pc"": 2880}"
2024년 모듈발주\징코모듈\발주서(200MW 3개사)\징코 200MW 진행의 건\디원 25MW\630WP 5MW 진행 7920pcs\CI-Z20240910262.PDF,CI,success,1,"{""invoice_no"": ""Z20240910262"", ""pa_no"": ""MCKRJH24Q207"", ""trade_term"": ""CIF"", ""country_of_origin"": ""China"", ""model"": ""JKM630N-78HL4-BDV""}"
2024년 모듈발주\징코모듈\발주서(200MW 3개사)\징코 200MW 진행의 건\디원 25MW\630WP 5MW 진행 7920pcs\PL-Z20240910262(1).PDF,PL,success,1,"{""invoice_no"": ""Z20240910262"", ""pa_no"": ""MCKRJH24Q207"", ""country_of_origin"": ""China"", ""model"": ""JKM630N-78HL4"", ""pallets"": 630}"
2024년 모듈발주\징코모듈\발주서(200MW 3개사)\징코 200MW 진행의 건\디원 25MW\635WP 7920(5MW)09.19\디원 - 징코 635WP 5MW\2 CI_Z20240923125-1 2000166667.pdf,CI,success,1,"{""lc_no"": ""M04NG2409NU00032"", ""hs_code"": ""8541430000"", ""trade_term"": ""CIF"", ""country_of_origin"": ""China"", ""model"": ""JKM635N-78HL4-BDV-S""}"
2024년 모듈발주\징코모듈\발주서(200MW 3개사)\징코 200MW 진행의 건\디원 25MW\635WP 7920(5MW)09.19\디원 - 징코 635WP 5MW\3 PL_Z20240923125-1 2000166667.pdf,PL,partial,1,"{""country_of_origin"": ""China""}"
2024년 모듈발주\징코모듈\발주서(200MW 3개사)\징코 200MW 진행의 건\탑솔라  125MW\징코모듈 630WP  25MW 선적  2024.09.13 개설\부산 9.8MW\1.CI_Z20240914116-1 2000164818.pdf,CI,success,1,"{""lc_no"": ""M12MK2409NU00018"", ""hs_code"": ""8541430000"", ""trade_term"": ""CIF"", ""country_of_origin"": ""China"", ""model"": ""JKM630N-78HL4"", ""qty_pc"": 15552, ""total_watt"": 9797760, ""total_usd"": 925888.0}"
2024년 모듈발주\징코모듈\발주서(200MW 3개사)\징코 200MW 진행의 건\탑솔라  125MW\탑솔라 징코 25MW  2024.07. 분할개설\부산 9.8MW\1.CI_Z20240914116-1 2000164818.pdf,CI,success,1,"{""lc_no"": ""M12MK2409NU00018"", ""hs_code"": ""8541430000"", ""trade_term"": ""CIF"", ""country_of_origin"": ""China"", ""model"": ""JKM630N-78HL4"", ""qty_pc"": 15552, ""total_watt"": 9797760, ""total_usd"": 925888.0}"
2024년 모듈발주\징코모듈\발주서(200MW 3개사)\징코 200MW 진행의 건\탑솔라  125MW\징코모듈 630WP  25MW 선적  2024.09.13 개설\부산 9.8MW\2.PL_Z20240914116-1 2000164818.pdf,PL,partial,1,"{""lc_no"": ""M12MK2409NU00018"", ""country_of_origin"": ""China"", ""model"": ""JKM630N-78HL4-BDV-S""}"
2024년 모듈발주\징코모듈\발주서(200MW 3개사)\징코 200MW 진행의 건\탑솔라  125MW\탑솔라 징코 25MW  2024.07. 분할개설\부산 9.8MW\2.PL_Z20240914116-1 2000164818.pdf,PL,partial,1,"{""lc_no"": ""M12MK2409NU00018"", ""country_of_origin"": ""China"", ""model"": ""JKM630N-78HL4-BDV-S""}"
2024년 모듈발주\징코모듈\발주서(200MW 3개사)\징코 200MW 진행의 건\탑솔라  125MW\징코모듈 635WP  45MW 가운데 15MW 개설 23616pcs( 하나2025.02.10)\CI 635W 11520pcs SNKO03K250201369.pdf,CI,success,1,"{""invoice_no"": ""Z202502200321"", ""pa_no"": ""MCKRJH24Q104"", ""hs_code"": ""8541430000"", ""trade_term"": ""CIF"", ""country_of_origin"": ""China"", ""model"": ""JKM635N-78HL4-BD"", ""qty_pc"": 11520}"
2024년 모듈발주\징코모듈\발주서(200MW 3개사)\징코 200MW 진행의 건\탑솔라  125MW\징코모듈 635WP  45MW 가운데 15MW 개설 23616pcs( 하나2025.02.10)\CI 635W 12096pcs SNKO03K250200547.pdf,CI,success,1,"{""invoice_no"": ""Z202502120182"", ""pa_no"": ""MCKRJH24Q104"", ""hs_code"": ""8541430000"", ""trade_term"": ""CIF"", ""country_of_origin"": ""China"", ""model"": ""JKM635N-78HL4-BD"", ""qty_pc"": 12096}"
2024년 모듈발주\징코모듈\발주서(200MW 3개사)\징코 200MW 진행의 건\탑솔라  125MW\징코모듈 635WP  45MW 가운데 15MW 개설 23616pcs( 하나2025.02.10)\PL 635W 11520pcs SNKO03K250201369.pdf,PL,success,1,"{""invoice_no"": ""Z202502200321"", ""pa_no"": ""MCKRJH24Q104"", ""hs_code"": ""8541430000"", ""country_of_origin"": ""China"", ""model"": ""JKM635N-78HL4-BD"", ""qty_pc"": 11520, ""pallets"": 635}"
2024년 모듈발주\징코모듈\발주서(200MW 3개사)\징코 200MW 진행의 건\탑솔라  125MW\징코모듈 635WP  45MW 가운데 15MW 개설 23616pcs( 하나2025.02.10)\PL 635W 12096pcs SNKO03K250200547.pdf,PL,success,1,"{""invoice_no"": ""Z202502120182"", ""pa_no"": ""MCKRJH24Q104"", ""hs_code"": ""8541430000"", ""country_of_origin"": ""China"", ""model"": ""JKM635N-78HL4-BD"", ""qty_pc"": 12096, ""pallets"": 635}"
2024년 모듈발주\징코모듈\발주서(200MW 3개사)\징코 200MW 진행의 건\탑솔라  125MW\징코모듈 635WP  45MW 가운데 30MW(2025.02.19)\징코선적 15MW 3.13출항\SNKO03K250201370_BL DRAFT.pdf,BL,success,2,"{""lc_no"": ""M12MK2502NU00032"", ""containers"": [{""container"": ""SKHU6442106"", ""seal"": ""SKNGB015556"", ""iso"": ""45G1"", ""pallets"": 16, ""kgs"": 20576.0, ""cbm"": 57.6}, {""container"": ""SKHU6447514"", ""seal"": ""SKNGB015687"", ""iso"": ""45G1"", ""pallets"": 16, ""kgs"": 20576.0, ""cbm"": 57.6}, {""container"": ""SKHU6441250"", ""seal"": ""SKNGB015558"", ""iso"": ""45G1"", ""pallets"": 16, ""kgs"": 20576.0, ""cbm"": 57.6}, {""container"": ""SKHU6447258"", ""seal"": ""SKNGB015573"", ""iso"": ""45G1"", ""pallets"": 16, ""kgs"": 20576.0, ""cbm"": 57.6}, {""container"": ""SKHU6441389"", ""seal"": ""858762"", ""iso"": ""45G1"", ""pallets"": 16, ""kgs"": 20576.0, ""cbm"": 57.6}, {""container"": ""SKHU6443205"", ""seal"": ""SKNGB015686"", ""iso"": ""45G1"", ""pallets"": 16, ""kgs"": 20576.0, ""cbm"": 57.6}, {""container"": ""SKHU6451197"", ""seal"": ""SKNGB015570"", ""iso"": ""45G1"", ""pallets"": 16, ""kgs"": 20576.0, ""cbm"": 57.6}, {""container"": ""SKHU6447200"", ""seal"": ""SKNGB015579"", ""iso"": ""45G1"", ""pallets"": 16, ""kgs"": 20576.0, ""cbm"": 57.6}, {""container"": ""SKHU6447108"", ""seal"": ""SKNGB015689"", ""iso"": ""45G1"", ""pallets"": 16, ""kgs"": 20576.0, ""cbm"": 57.6}, {""container"": ""SKHU6447094"", ""seal"": ""SKNGB021759"", ""iso"": ""45G1"", ""pallets"": 16, ""kgs"": 20576.0, ""cbm"": 57.6}, {""container"": ""SKHU6447155"", ""seal"": ""SKNGB015685"", ""iso"": ""45G1"", ""pallets"": 16, ""kgs"": 20576.0, ""cbm"": 57.6}, {""container"": ""SKHU6447140"", ""seal"": ""SKNGB015690"", ""iso"": ""45G1"", ""pallets"": 16, ""kgs"": 20576.0, ""cbm"": 57.6}, {""container"": ""SKHU6447176"", ""seal"": ""SKNGB015575"", ""iso"": ""45G1"", ""pallets"": 16, ""kgs"": 20576.0, ""cbm"": 57.6}, {""container"": ""SKHU6447113"", ""seal"": ""SKNGB015577"", ""iso"": ""45G1"", ""pallets"": 16, ""kgs"": 20576.0, ""cbm"": 57.6}, {""container"": ""SKHU6447134"", ""seal"": ""SKNGB015683"", ""iso"": ""45G1"", ""pallets"": 16, ""kgs"": 20576.0, ""cbm"": 57.6}, {""container"": ""SKHU6446837"", ""seal"": ""SKNGB015733"", ""iso"": ""45G1"", ""pallets"": 16, ""kgs"": 20576.0, ""cbm"": 57.6}, {""container"": ""SKHU6446729"", ""seal"": ""SKNGB015740"", ""iso"": ""45G1"", ""pallets"": 16, ""kgs"": 20576.0, ""cbm"": 57.6}, {""container"": ""SKHU6447197"", ""seal"": ""SKNGB015580"", ""iso"": ""45G1"", ""pallets"": 16, ""kgs"": 20576.0, ""cbm"": 57.6}, {""container"": ""SKHU6447237"", ""seal"": ""SKNGB015578"", ""iso"": ""45G1"", ""pallets"": 16, ""kgs"": 20576.0, ""cbm"": 57.6}, {""container"": ""SKHU6447263"", ""seal"": ""SKNGB015566"", ""iso"": ""45G1"", ""pallets"": 16, ""kgs"": 20576.0, ""cbm"": 57.6}], ""container_count"": 20, ""total_pallets"": 320}"
2024년 모듈발주\징코모듈\발주서(200MW 3개사)\징코 200MW 진행의 건\탑솔라  125MW\징코모듈 635WP  45MW 가운데 30MW(2025.02.19)\징코선적 15MW 3.13출항\SNKO03K250201371_BL DRAFT.pdf,BL,success,2,"{""lc_no"": ""M12MK2502NU00032"", ""containers"": [{""container"": ""SKHU6447160"", ""seal"": ""SKNGB015574"", ""iso"": ""45G1"", ""pallets"": 16, ""kgs"": 20576.0, ""cbm"": 57.6}, {""container"": ""SKHU6447411"", ""seal"": ""SKNGB015682"", ""iso"": ""45G1"", ""pallets"": 16, ""kgs"": 20576.0, ""cbm"": 57.6}, {""container"": ""SKHU6443210"", ""seal"": ""SKNGB015684"", ""iso"": ""45G1"", ""pallets"": 16, ""kgs"": 20576.0, ""cbm"": 57.6}, {""container"": ""SKHU6446781"", ""seal"": ""SKNGB015731"", ""iso"": ""45G1"", ""pallets"": 16, ""kgs"": 20576.0, ""cbm"": 57.6}, {""container"": ""SKHU6447221"", ""seal"": ""SKNGB015572"", ""iso"": ""45G1"", ""pallets"": 16, ""kgs"": 20576.0, ""cbm"": 57.6}, {""container"": ""SKHU6447710"", ""seal"": ""SKNGB015564"", ""iso"": ""45G1"", ""pallets"": 16, ""kgs"": 20576.0, ""cbm"": 57.6}, {""container"": ""SKHU6441347"", ""seal"": ""SKNGB015560"", ""iso"": ""45G1"", ""pallets"": 16, ""kgs"": 20576.0, ""cbm"": 57.6}, {""container"": ""SKHU6447181"", ""seal"": ""SKNGB015576"", ""iso"": ""45G1"", ""pallets"": 16, ""kgs"": 20576.0, ""cbm"": 57.6}, {""container"": ""SKHU6441429"", ""seal"": ""SKNGB015559"", ""iso"": ""45G1"", ""pallets"": 16, ""kgs"": 20576.0, ""cbm"": 57.6}, {""container"": ""SKHU6441413"", ""seal"": ""SKNGB015552"", ""iso"": ""45G1"", ""pallets"": 16, ""kgs"": 20576.0, ""cbm"": 57.6}, {""container"": ""SKHU6451108"", ""seal"": ""SKNGB015567"", ""iso"": ""45G1"", ""pallets"": 16, ""kgs"": 20576.0, ""cbm"": 57.6}, {""container"": ""SKHU6441326"", ""seal"": ""SKNGB015554"", ""iso"": ""45G1"", ""pallets"": 16, ""kgs"": 20576.0, ""cbm"": 57.6}, {""container"": ""SKHU6447730"", ""seal"": ""SKNGB015562"", ""iso"": ""45G1"", ""pallets"": 16, ""kgs"": 20576.0, ""cbm"": 57.6}, {""container"": ""SKHU6441861"", ""seal"": ""SKNGB015561"", ""iso"": ""45G1"", ""pallets"": 16, ""kgs"": 20576.0, ""cbm"": 57.6}, {""container"": ""BMOU5203131"", ""seal"": ""SKNGB015648"", ""iso"": ""45G1"", ""pallets"": 15, ""kgs"": 19290.0, ""cbm"": 54.0}, {""container"": ""SKHU6443587"", ""seal"": ""SKNGB015555"", ""iso"": ""45G1"", ""pallets"": 16, ""kgs"": 20576.0, ""cbm"": 57.6}, {""container"": ""SKHU6447129"", ""seal"": ""SKNGB015681"", ""iso"": ""45G1"", ""pallets"": 16, ""kgs"": 20576.0, ""cbm"": 57.6}, {""container"": ""SKHU6451089"", ""seal"": ""SKNGB015568"", ""iso"": ""45G1"", ""pallets"": 16, ""kgs"": 20576.0, ""cbm"": 57.6}, {""container"": ""SKHU6447746"", ""seal"": ""SKNGB015563"", ""iso"": ""45G1"", ""pallets"": 16, ""kgs"": 20576.0, ""cbm"": 57.6}, {""container"": ""SKHU6447242"", ""seal"": ""SKNGB015571"", ""iso"": ""45G1"", ""pallets"": 16, ""kgs"": 20576.0, ""cbm"": 57.6}, {""container"": ""SKHU6451176"", ""seal"": ""SKNGB015569"", ""iso"": ""45G1"", ""pallets"": 16, ""kgs"": 20576.0, ""cbm"": 57.6}], ""container_count"": 21, ""total_pallets"": 335}"
2024년 모듈발주\징코모듈\발주서(200MW 3개사)\징코 200MW 진행의 건\탑솔라  125MW\징코모듈 635WP  45MW 가운데 30MW(2025.02.19)\징코선적 15MW 3.13출항\CI 8000121182 SNKO03K250201370.pdf,CI,success,1,"{""invoice_no"": ""Z202502200323"", ""lc_no"": ""M12MK2502NU00032"", ""pa_no"": ""MCKRJH24Q104"", ""hs_code"": ""8541430000"", ""trade_term"": ""CIF"", ""country_of_origin"": ""China"", ""model"": ""JKM635N-78HL4"", ""qty_pc"": 11520, ""total_watt"": 7315200, ""unit_price_usd_wp"": 0.085, ""total_usd"": 621792.0}"
2024년 모듈발주\징코모듈\발주서(200MW 3개사)\징코 200MW 진행의 건\탑솔라  125MW\징코모듈 635WP  45MW 가운데 30MW(2025.02.19)\징코선적 15MW 3.13출항\CI 8000121183 SNKO03K250201371.pdf,CI,success,1,"{""invoice_no"": ""Z202502200324"", ""lc_no"": ""M12MK2502NU00032"", ""pa_no"": ""MCKRJH24Q104"", ""hs_code"": ""8541430000"", ""trade_term"": ""CIF"", ""country_of_origin"": ""China"", ""model"": ""JKM635N-78HL4-BDV-S"", ""qty_pc"": 12060, ""total_watt"": 7658100, ""unit_price_usd_wp"": 0.085, ""total_usd"": 65093.0}"
2024년 모듈발주\징코모듈\발주서(200MW 3개사)\징코 200MW 진행의 건\탑솔라  125MW\징코모듈 635WP  45MW 가운데 30MW(2025.02.19)\징코선적 15MW 3.13출항\PL 8000121182 SNKO03K250201370.pdf,PL,success,1,"{""invoice_no"": ""Z202502200323"", ""pa_no"": ""MCKRJH24Q104"", ""hs_code"": ""8541430000"", ""country_of_origin"": ""China"", ""model"": ""JKM635N-78HL4-BD"", ""qty_pc"": 11520, ""pallets"": 635}"
2024년 모듈발주\징코모듈\발주서(200MW 3개사)\징코 200MW 진행의 건\탑솔라  125MW\징코모듈 635WP  45MW 가운데 30MW(2025.02.19)\징코선적 15MW 3.13출항\PL 8000121183 SNKO03K250201371.pdf,PL,success,1,"{""invoice_no"": ""Z202502200324"", ""pa_no"": ""MCKRJH24Q104"", ""hs_code"": ""8541430000"", ""country_of_origin"": ""China"", ""model"": ""JKM635N-78HL4-BD"", ""qty_pc"": 12060, ""pallets"": 635}"
2024년 모듈발주\징코모듈\발주서(200MW 3개사)\징코 200MW 진행의 건\탑솔라  125MW\JWSH24110019  14400pcs\JWSH24110019 CI.pdf,CI,success,1,"{""invoice_no"": ""Z20241025152"", ""pa_no"": ""MCKRJH24Q104"", ""hs_code"": ""8541430000"", ""country_of_origin"": ""China"", ""model"": ""JKM630N-78HL4"", ""qty_pc"": 14400, ""total_watt"": 9072000, ""total_usd"": 857304.0}"
2024년 모듈발주\징코모듈\발주서(200MW 3개사)\징코 200MW 진행의 건\탑솔라  125MW\JWSH24110019  14400pcs\JWSH24110019-CI.pdf,CI,success,1,"{""invoice_no"": ""Z20241025152"", ""pa_no"": ""MCKRJH24Q104"", ""hs_code"": ""8541430000"", ""country_of_origin"": ""China"", ""model"": ""JKM630N-78HL4-BDV-S"", ""qty_pc"": 14400, ""total_watt"": 9072000, ""total_usd"": 857304.0}"
2024년 모듈발주\징코모듈\발주서(200MW 3개사)\징코 200MW 진행의 건\탑솔라  125MW\JWSH24110019  14400pcs\JWSH24110019-PL.pdf,PL,success,1,"{""invoice_no"": ""Z20241025152"", ""hs_code"": ""8541430000"", ""country_of_origin"": ""China"", ""model"": ""JKM630N-78HL4"", ""qty_pc"": 14400}"
2024년 모듈발주\징코모듈\발주서(200MW 3개사)\징코 200MW 진행의 건\탑솔라  125MW\JWSH24110020  14400pcs\JWSH24110020 CI.pdf,CI,success,1,"{""invoice_no"": ""Z20241025153"", ""pa_no"": ""MCKRJH24Q104"", ""hs_code"": ""8541430000"", ""country_of_origin"": "") CHINA"", ""model"": ""JKM630N-78HL4-BDV-S"", ""qty_pc"": 12888, ""total_watt"": 9072000, ""total_usd"": 857304.0}"
2024년 모듈발주\징코모듈\발주서(200MW 3개사)\징코 200MW 진행의 건\탑솔라  125MW\JWSH24110020  14400pcs\JWSH24110020-CI.pdf,CI,success,1,"{""invoice_no"": ""Z20241025153"", ""pa_no"": ""MCKRJH24Q104"", ""hs_code"": ""8541430000"", ""country_of_origin"": ""China"", ""model"": ""JKM630N-78HL4"", ""qty_pc"": 12888, ""total_watt"": 9072000, ""total_usd"": 857304.0}"
2024년 모듈발주\징코모듈\발주서(200MW 3개사)\징코 200MW 진행의 건\탑솔라  125MW\JWSH24110020  14400pcs\JWSH24110020-PL.pdf,PL,success,1,"{""invoice_no"": ""Z20241025153"", ""hs_code"": ""8541430000"", ""country_of_origin"": ""China"", ""model"": ""JKM630N-78HL4"", ""qty_pc"": 12888}"
2024년 모듈발주\징코모듈\발주서(200MW 3개사)\징코 200MW 진행의 건\탑솔라  125MW\JWSH24110022\JWSH24110022 CI.pdf,CI,success,1,"{""invoice_no"": ""Z20241025156"", ""pa_no"": ""MCKRJH24Q104"", ""hs_code"": ""8541430000"", ""country_of_origin"": ""China"", ""model"": ""JKM630N-78HL4"", ""qty_pc"": 1476, ""total_watt"": 9072000, ""total_usd"": 857304.0}"
2024년 모듈발주\징코모듈\발주서(200MW 3개사)\징코 200MW 진행의 건\탑솔라  125MW\JWSH24110022\JWSH24110022-CI.pdf,CI,success,1,"{""invoice_no"": ""Z20241025156"", ""pa_no"": ""MCKRJH24Q104"", ""hs_code"": ""8541430000"", ""country_of_origin"": ""China"", ""model"": ""JKM630N-78HL4-BDV-S"", ""qty_pc"": 1476, ""total_watt"": 9072000, ""total_usd"": 857304.0}"
2024년 모듈발주\징코모듈\발주서(200MW 3개사)\징코 200MW 진행의 건\탑솔라  125MW\JWSH24110022\JWSH24110022-PL.pdf,PL,success,1,"{""invoice_no"": ""Z20241025156"", ""hs_code"": ""8541430000"", ""country_of_origin"": ""China"", ""model"": ""JKM630N-78HL4"", ""qty_pc"": 1476}"
2024년 모듈발주\징코모듈\발주서(200MW 3개사)\징코 200MW 진행의 건\탑솔라  125MW\JWSH24110023\JWSH24110023 CI.pdf,CI,success,1,"{""invoice_no"": ""Z20241025154"", ""pa_no"": ""MCKRJH24Q104"", ""hs_code"": ""8541430000"", ""country_of_origin"": ""China"", ""model"": ""JKM630N-78HL4"", ""qty_pc"": 14400, ""total_watt"": 9072000, ""total_usd"": 857304.0}"
2024년 모듈발주\징코모듈\발주서(200MW 3개사)\징코 200MW 진행의 건\탑솔라  125MW\JWSH24110023\JWSH24110023-CI.pdf,CI,success,1,"{""invoice_no"": ""Z20241025154"", ""pa_no"": ""MCKRJH24Q104"", ""hs_code"": ""8541430000"", ""country_of_origin"": ""China"", ""model"": ""JKM630N-78HL4-BDV-S"", ""qty_pc"": 14400, ""total_watt"": 9072000, ""total_usd"": 857304.0}"
2024년 모듈발주\징코모듈\발주서(200MW 3개사)\징코 200MW 진행의 건\탑솔라  125MW\JWSH24110023\JWSH24110023-PL.pdf,PL,success,1,"{""invoice_no"": ""Z20241025154"", ""hs_code"": ""8541430000"", ""country_of_origin"": ""China"", ""model"": ""JKM630N-78HL4"", ""qty_pc"": 14400}"
2024년 모듈발주\징코모듈\발주서(200MW 3개사)\징코 200MW 진행의 건\탑솔라  125MW\부산 JWSH24110024\JWSH24110024-CI.pdf,CI,success,1,"{""invoice_no"": ""Z20241025157"", ""pa_no"": ""MCKRJH24Q104"", ""hs_code"": ""8541430000"", ""country_of_origin"": ""China"", ""model"": ""JKM630N-78HL4"", ""qty_pc"": 14400, ""total_watt"": 9072000, ""total_usd"": 857304.0}"
2024년 모듈발주\징코모듈\발주서(200MW 3개사)\징코 200MW 진행의 건\탑솔라  125MW\부산 JWSH24110024\JWSH24110024-PL.pdf,PL,success,1,"{""invoice_no"": ""Z20241025157"", ""hs_code"": ""8541430000"", ""country_of_origin"": ""China"", ""model"": ""JKM630N-78HL4"", ""qty_pc"": 14400}"
2024년 모듈발주\징코모듈\발주서(200MW 3개사)\징코 200MW 진행의 건\탑솔라  125MW\JWSH24110025 부산\JWSH24110025 -CI.pdf,CI,success,1,"{""invoice_no"": ""Z20241025158"", ""pa_no"": ""MCKRJH24Q104"", ""hs_code"": ""8541430000"", ""country_of_origin"": ""China"", ""model"": ""JKM630N-78HL4-BDV-S"", ""qty_pc"": 7380, ""total_watt"": 4649400, ""total_usd"": 488187.0}"
2024년 모듈발주\징코모듈\발주서(200MW 3개사)\징코 200MW 진행의 건\탑솔라  125MW\JWSH24110025 부산\JWSH24110025 -PL.pdf,PL,success,1,"{""invoice_no"": ""Z20241025158"", ""hs_code"": ""8541430000"", ""country_of_origin"": ""China"", ""model"": ""JKM630N-78HL4"", ""qty_pc"": 7380}"
2024년 모듈발주\징코모듈\발주서(200MW 3개사)\징코 200MW 진행의 건\탑솔라  125MW\디원 7840pcs\JWSH24110045-CI.pdf,CI,success,1,"{""invoice_no"": ""Z20241025318"", ""pa_no"": ""MCKRJH24Q207"", ""hs_code"": ""8541430000"", ""trade_term"": ""CIF"", ""country_of_origin"": ""China"", ""model"": ""JKM635N-78HL4"", ""qty_pc"": 7740, ""total_usd"": 51606.0}"
2024년 모듈발주\징코모듈\발주서(200MW 3개사)\징코 200MW 진행의 건\탑솔라  125MW\디원 7840pcs\JWSH24110045-PL.pdf,PL,success,1,"{""invoice_no"": ""Z20241025318"", ""hs_code"": ""8541430000"", ""country_of_origin"": ""China"", ""model"": ""JKM635N-78HL4"", ""qty_pc"": 7740, ""pallets"": 100}"
2024년 모듈발주\징코모듈\발주서(200MW 3개사)\징코 200MW 진행의 건\탑솔라  125MW\일반광양 JWSH24110046  7920pcs\JWSH24110046 CI.pdf,CI,success,1,"{""invoice_no"": ""Z20241104458"", ""lc_no"": ""M12MK2410NU00025"", ""pa_no"": ""MCKRJH24Q104"", ""hs_code"": ""8541430000"", ""trade_term"": ""CIF"", ""country_of_origin"": ""China"", ""model"": ""JKM630N-78HL4"", ""qty_pc"": 7920, ""total_watt"": 4989600, ""total_usd"": 523908.0}"
2024년 모듈발주\징코모듈\발주서(200MW 3개사)\징코 200MW 진행의 건\탑솔라  125MW\일반광양 JWSH24110046  7920pcs\JWSH24110046-PL.pdf,PL,success,1,"{""invoice_no"": ""Z20241104458"", ""lc_no"": ""M12MK2410NU00025"", ""hs_code"": ""8541430000"", ""country_of_origin"": ""China"", ""model"": ""JKM630N-78HL4"", ""qty_pc"": 7920}"
"2024년 모듈발주\징코모듈\발주서(200MW 3개사)\징코 200MW 진행의 건\탑솔라  125MW\일반 광양 JWSH24110079  17,280pcs\JWSH24110079-CI.pdf",CI,success,1,"{""invoice_no"": ""Z20241104457"", ""lc_no"": ""M12MK2410NU00025"", ""pa_no"": ""MCKRJH24Q104"", ""hs_code"": ""8541430000"", ""trade_term"": ""CIF"", ""country_of_origin"": ""China"", ""model"": ""JKM630N-78HL4-BDV-S"", ""qty_pc"": 17280, ""total_watt"": 10886400, ""total_usd"": 1143072.0}"
"2024년 모듈발주\징코모듈\발주서(200MW 3개사)\징코 200MW 진행의 건\탑솔라  125MW\일반 광양 JWSH24110079  17,280pcs\JWSH24110079-PL.pdf",PL,success,1,"{""invoice_no"": ""Z20241104457"", ""lc_no"": ""M12MK2410NU00025"", ""hs_code"": ""8541430000"", ""country_of_origin"": ""China"", ""model"": ""JKM630N-78HL4"", ""qty_pc"": 17280}"
2024년 모듈발주\징코모듈\발주서(200MW 3개사)\징코 200MW 진행의 건\탑솔라  125MW\광양 일반물량\JWSH24110083 CI.pdf,CI,success,1,"{""invoice_no"": ""Z20241104462"", ""lc_no"": ""M12MK2410NU00025"", ""pa_no"": ""MCKRJH24Q104"", ""hs_code"": ""8541430000"", ""trade_term"": ""CIF"", ""country_of_origin"": ""China"", ""model"": ""JKM630N-78HL4"", ""qty_pc"": 5904, ""total_watt"": 3719520, ""total_usd"": 390549.0}"
2024년 모듈발주\징코모듈\발주서(200MW 3개사)\징코 200MW 진행의 건\탑솔라  125MW\광양 일반물량\JWSH24110083 PL v2.pdf,PL,success,1,"{""invoice_no"": ""Z20241104462"", ""lc_no"": ""M12MK2410NU00025"", ""hs_code"": ""8541430000"", ""country_of_origin"": ""China"", ""qty_pc"": 5904}"
2024년 모듈발주\징코모듈\발주서(200MW 3개사)\징코 200MW 진행의 건\탑솔라  125MW\광양 일반물량\JWSH24110083 PL.pdf,PL,success,2,"{""invoice_no"": ""Z202411044"", ""lc_no"": ""M12MK2410NU00025"", ""hs_code"": ""8541430000"", ""country_of_origin"": ""China"", ""model"": ""JKM630N-78HL4"", ""qty_pc"": 5904}"
2024년 모듈발주\징코모듈\발주서(200MW 3개사)\징코 200MW 진행의 건\탑솔라  125MW\광양 일반물량\JWSH24110084 CI.pdf,CI,success,1,"{""invoice_no"": ""Z20241106381"", ""pa_no"": ""MCKRJH24Q104"", ""hs_code"": ""8541430000"", ""country_of_origin"": ""China"", ""model"": ""JKM630N-78HL4"", ""qty_pc"": 1188, ""total_watt"": 748440, ""total_usd"": 78586.0}"
2024년 모듈발주\징코모듈\발주서(200MW 3개사)\징코 200MW 진행의 건\탑솔라  125MW\광양 일반물량\JWSH24110084 PL.pdf,PL,success,1,"{""invoice_no"": ""Z20241106381"", ""hs_code"": ""8541430000"", ""country_of_origin"": ""China"", ""model"": ""JKM630N-78HL4"", ""qty_pc"": 1188, ""pallets"": 24}"
2024년 모듈발주\징코모듈\선적서류\11520pcs JWSH24120043 CI.pdf,CI,success,1,"{""invoice_no"": ""Z202412060735"", ""pa_no"": ""MCKRJH24Q104"", ""hs_code"": ""8541430000"", ""trade_term"": ""CIF"", ""country_of_origin"": ""China"", ""model"": ""JKM635N-78HL4-BD"", ""qty_pc"": 11520}"
2024년 모듈발주\징코모듈\선적서류\11520pcs JWSH24120043 PL.pdf,PL,success,1,"{""invoice_no"": ""Z202412060735"", ""pa_no"": ""MCKRJH24Q104"", ""hs_code"": ""8541430000"", ""country_of_origin"": ""China"", ""model"": ""JKM635N-78HL4-BD"", ""qty_pc"": 11520, ""pallets"": 635}"
2024년 모듈발주\징코모듈\선적서류\12096pcs JWSH24120044 CI.pdf,CI,success,1,"{""invoice_no"": ""Z202412060737"", ""pa_no"": ""MCKRJH24Q104"", ""hs_code"": ""8541430000"", ""trade_term"": ""CIF"", ""country_of_origin"": ""China"", ""model"": ""JKM635N-78HL4-BD"", ""qty_pc"": 12096}"
2024년 모듈발주\징코모듈\선적서류\12096pcs JWSH24120044 PL.pdf,PL,success,1,"{""invoice_no"": ""Z202412060737"", ""pa_no"": ""MCKRJH24Q104"", ""hs_code"": ""8541430000"", ""country_of_origin"": ""China"", ""model"": ""JKM635N-78HL4-BD"", ""qty_pc"": 12096, ""pallets"": 635}"
2024년 모듈발주\징코모듈\발주서(200MW 3개사)\징코 200MW 진행의 건\탑솔라  125MW\징코모듈 635WP  45MW 가운데 30MW(2025.02.19)\징코 7.5MW 3.5선적JWSH25030014\CI 8000121180 SNKO03K250201369 JWSH250300.pdf,CI,success,1,"{""invoice_no"": ""Z202502200321"", ""lc_no"": ""M12MK2502NU00032"", ""pa_no"": ""MCKRJH24Q104"", ""trade_term"": ""CIF"", ""country_of_origin"": ""China"", ""model"": ""JKM635N-78HL4"", ""qty_pc"": 11520, ""total_watt"": 7315200, ""unit_price_usd_wp"": 0.085, ""total_usd"": 621792.0}"
2024년 모듈발주\징코모듈\발주서(200MW 3개사)\징코 200MW 진행의 건\탑솔라  125MW\징코모듈 635WP  45MW 가운데 30MW(2025.02.19)\징코 7.5MW 3.5선적JWSH25030014\CI 8000121181 SNKO03K250201374.pdf,CI,success,1,"{""invoice_no"": ""Z202502200322"", ""lc_no"": ""M12MK2502NU00032"", ""pa_no"": ""MCKRJH24Q104"", ""hs_code"": ""8541430000"", ""trade_term"": ""CIF"", ""country_of_origin"": ""China"", ""model"": ""JKM635N-78HL4"", ""qty_pc"": 11520, ""total_watt"": 7315200, ""unit_price_usd_wp"": 0.085, ""total_usd"": 621792.0}"
2024년 모듈발주\징코모듈\발주서(200MW 3개사)\징코 200MW 진행의 건\탑솔라  125MW\징코모듈 635WP  45MW 가운데 30MW(2025.02.19)\징코 7.5MW 3.5선적JWSH25030014\0014 탑솔라 수입필증 OBL JWSH25030014 2025.03.11.pdf,OBL,success,1,"{""declaration_no"": ""2"", ""master_bl_no"": ""SNKO03K250201369"", ""cif_usd"": 621792.0, ""exchange_rate"": 1433.08, ""hs_code"": ""8541430000""}"
2024년 모듈발주\징코모듈\발주서(200MW 3개사)\징코 200MW 진행의 건\탑솔라  125MW\징코모듈 635WP  45MW 가운데 30MW(2025.02.19)\징코 7.5MW 3.5선적JWSH25030014\1374 탑솔라 수입필증 OBL SNKO03K250201374   2025.03.11.pdf,OBL,success,1,"{""declaration_no"": ""2"", ""master_bl_no"": ""SNKO03K250201374"", ""cif_usd"": 621792.0, ""exchange_rate"": 1433.08, ""hs_code"": ""8541430000""}"
2024년 모듈발주\징코모듈\발주서(200MW 3개사)\징코 200MW 진행의 건\탑솔라  125MW\징코모듈 635WP  45MW 가운데 30MW(2025.02.19)\징코 7.5MW 3.5선적JWSH25030014\PL JWSH25030014.pdf,PL,success,1,"{""invoice_no"": ""Z202502200321"", ""pa_no"": ""MCKRJH24Q104"", ""hs_code"": ""8541430000"", ""country_of_origin"": ""China"", ""model"": ""JKM635N-78HL4-BD"", ""qty_pc"": 11520, ""pallets"": 635}"
2024년 모듈발주\징코모듈\발주서(200MW 3개사)\징코 200MW 진행의 건\탑솔라  125MW\징코모듈 635WP  45MW 가운데 30MW(2025.02.19)\징코 7.5MW 3.5선적JWSH25030014\PL SNKO03K250201374.pdf,PL,success,1,"{""invoice_no"": ""Z202502200322"", ""pa_no"": ""MCKRJH24Q104"", ""hs_code"": ""8541430000"", ""country_of_origin"": ""China"", ""model"": ""JKM635N-78HL4-BD"", ""qty_pc"": 11520, ""pallets"": 635}"
2024년 모듈발주\징코모듈\100MW 중 625W 10MW 03.25 선적\Re_ [탑솔라(주)  기자재실] 10MW 선적서류(ETD2024.04.07)\2 CI_Z20240326077-1.pdf,CI,success,1,"{""trade_term"": ""CIF"", ""country_of_origin"": ""China"", ""model"": ""JKM625N-78HL4-BDV"", ""qty_pc"": 15984, ""total_watt"": 9990000, ""unit_price_usd_wp"": 0.113, ""total_usd"": 1128870.0}"
2024년 모듈발주\징코모듈\100MW 중 625W 10MW 03.25 선적\Re_ [탑솔라(주)  기자재실] 10MW 선적서류(ETD2024.04.07)\3 PL_Z20240326077-1.pdf,PL,partial,1,"{""country_of_origin"": ""China"", ""model"": ""JKM625N-78HL4-BDV""}"
"2024년 모듈발주\징코모듈\발주서(200MW 3개사)\징코 200MW 진행의 건\탑솔라  125MW\징코모듈 630WP  40MW 선적 2024.09.27개설\6차 SNKO020241008028(11,520PCS)\SNKO020241008028-CUSTOMS-CI.pdf",CI,success,1,"{""invoice_no"": ""Z20241012075"", ""lc_no"": ""M12MK2409NU00040"", ""pa_no"": ""MCKRJH24Q104"", ""hs_code"": ""8541430000"", ""trade_term"": ""CIF"", ""country_of_origin"": ""China"", ""model"": ""JKM630N-78HL4-BDV-S"", ""qty_pc"": 11520, ""total_watt"": 7257600, ""total_usd"": 762048.0}"
"2024년 모듈발주\징코모듈\발주서(200MW 3개사)\징코 200MW 진행의 건\탑솔라  125MW\징코모듈 630WP  40MW 선적 2024.09.27개설\6차 SNKO020241008028(11,520PCS)\SNKO020241008028-CUSTOMS-PL.pdf",PL,success,1,"{""invoice_no"": ""Z20241012075"", ""lc_no"": ""M12MK2409NU00040"", ""hs_code"": ""8541430000"", ""country_of_origin"": ""China"", ""model"": ""JKM630N-78HL4"", ""qty_pc"": 11520, ""gross_weight_kg"": 980010338}"
"2024년 모듈발주\징코모듈\발주서(200MW 3개사)\징코 200MW 진행의 건\탑솔라  125MW\징코모듈 630WP  40MW 선적 2024.09.27개설\5차 SNKO020241008037(11,520PCS)\SNKO020241008037 -CUSTOMS-CI.pdf",CI,success,1,"{""invoice_no"": ""Z20241012077"", ""lc_no"": ""M12MK2409NU00040"", ""pa_no"": ""MCKRJH24Q104"", ""hs_code"": ""8541430000"", ""trade_term"": ""CIF"", ""country_of_origin"": ""China"", ""model"": ""JKM630N-78HL4"", ""qty_pc"": 5544, ""total_watt"": 7257600, ""total_usd"": 762048.0}"
"2024년 모듈발주\징코모듈\발주서(200MW 3개사)\징코 200MW 진행의 건\탑솔라  125MW\징코모듈 630WP  40MW 선적 2024.09.27개설\5차 SNKO020241008037(11,520PCS)\SNKO020241008037 -CUSTOMS-PL.pdf",PL,success,1,"{""invoice_no"": ""Z20241012077"", ""lc_no"": ""M12MK2409NU00040"", ""hs_code"": ""8541430000"", ""country_of_origin"": ""China"", ""model"": ""JKM630N-78HL4"", ""qty_pc"": 5544}"
"2024년 모듈발주\징코모듈\발주서(200MW 3개사)\징코 200MW 진행의 건\탑솔라  125MW\징코모듈 630WP  40MW 선적 2024.09.27개설\4차 SNKO020241009053 (12,996PCS)\SNKO020241009053 -CUSTOMS-CI.pdf",CI,success,1,"{""invoice_no"": ""Z20241014216"", ""lc_no"": ""M12MK2409NU00040"", ""pa_no"": ""MCKRJH24Q104"", ""hs_code"": ""8541430000"", ""trade_term"": ""CIF"", ""country_of_origin"": ""China"", ""model"": ""JKM630N-78HL4"", ""qty_pc"": 12816, ""total_watt"": 8187480, ""total_usd"": 859685.0}"
"2024년 모듈발주\징코모듈\발주서(200MW 3개사)\징코 200MW 진행의 건\탑솔라  125MW\징코모듈 630WP  40MW 선적 2024.09.27개설\4차 SNKO020241009053 (12,996PCS)\SNKO020241009053 -CUSTOMS-PL.pdf",PL,success,1,"{""invoice_no"": ""Z20241014216"", ""lc_no"": ""M12MK2409NU00040"", ""hs_code"": ""8541430000"", ""country_of_origin"": ""China"", ""model"": ""JKM630N-78HL4"", ""qty_pc"": 12816}"
"2025년 모듈 발주\론지솔라\탑솔라\론지모듈 640, 645,620\론지선적서류\[선적서류]_탑솔라(주)__론지모듈_LR7-72HYD-640_645M_11_40HQ__LR7-72HGD-620M_1_40HQ__\LS2507281831  CI&PL.pdf",PL,success,2,"{""invoice_no"": ""LS2507281831"", ""trade_term"": ""CIF"", ""country_of_origin"": ""CHINA"", ""model"": ""LR7-72HGD-620M"", ""total_watt"": 446400}"
2025년 모듈 발주\수입신고필증\1374 탑솔라 수입필증 OBL SNKO03K250201374   2025.03.11.pdf,OBL,success,1,"{""declaration_no"": ""2"", ""master_bl_no"": ""SNKO03K250201374"", ""cif_usd"": 621792.0, ""exchange_rate"": 1433.08, ""hs_code"": ""8541430000""}"
2025년 모듈 발주\수입신고필증\0014 탑솔라 수입필증 OBL JWSH25030014 2025.03.11.pdf,OBL,success,1,"{""declaration_no"": ""2"", ""master_bl_no"": ""SNKO03K250201369"", ""cif_usd"": 621792.0, ""exchange_rate"": 1433.08, ""hs_code"": ""8541430000""}"
2025년 모듈 발주\징코모듈\탑솔라\170MW 계약 진행건 - 완료\170MW - 1차 개설 20MW(2025.03.14)\징코33.5\CI SNKO03K250302336.pdf,CI,success,1,"{""invoice_no"": ""Z202503180059"", ""pa_no"": ""MCKRJH25Q108"", ""hs_code"": ""8541430000"", ""trade_term"": ""CIF"", ""country_of_origin"": ""China"", ""model"": ""JKM635N-78HL4-BD"", ""qty_pc"": 11520}"
2025년 모듈 발주\징코모듈\탑솔라\170MW 계약 진행건 - 완료\170MW - 1차 개설 20MW(2025.03.14)\징코33.5\CI SNKO03K250302342.pdf,CI,success,1,"{""invoice_no"": ""Z202503180060"", ""pa_no"": ""MCKRJH25Q108"", ""hs_code"": ""8541430000"", ""trade_term"": ""CIF"", ""country_of_origin"": ""China"", ""model"": ""JKM635N-78HL4-BD"", ""qty_pc"": 11520}"
2025년 모듈 발주\징코모듈\탑솔라\170MW 계약 진행건 - 완료\170MW - 1차 개설 20MW(2025.03.14)\징코33.5\CI SNKO03K250302344.pdf,CI,success,1,"{""invoice_no"": ""Z202503180061"", ""pa_no"": ""MCKRJH25Q108"", ""hs_code"": ""8541430000"", ""trade_term"": ""CIF"", ""country_of_origin"": ""China"", ""model"": ""JKM635N-78HL4-BD"", ""qty_pc"": 8460}"
2025년 모듈 발주\징코모듈\탑솔라\170MW 계약 진행건 - 완료\170MW - 1차 개설 20MW(2025.03.14)\징코33.5\CI SNKO03K250302826.pdf,CI,success,1,"{""invoice_no"": ""Z202503260092"", ""pa_no"": ""MCKRJH25Q108"", ""hs_code"": ""8541430000"", ""trade_term"": ""CIF"", ""country_of_origin"": ""China"", ""model"": ""JKM635N-78HL4-BD"", ""qty_pc"": 5760}"
2025년 모듈 발주\징코모듈\탑솔라\170MW 계약 진행건 - 완료\170MW - 1차 개설 20MW(2025.03.14)\징코33.5\CI SNKO03K250400209 (SHACYV52616).pdf,CI,success,1,"{""invoice_no"": ""Z202503260094"", ""pa_no"": ""MCKRJH25Q108"", ""hs_code"": ""8541430000"", ""trade_term"": ""CIF"", ""country_of_origin"": ""China"", ""model"": ""JKM635N-78HL4-BD"", ""qty_pc"": 16128}"
2025년 모듈 발주\징코모듈\탑솔라\170MW 계약 진행건 - 완료\170MW - 1차 개설 20MW(2025.03.14)\징코33.5\PL SNKO03K250302336.pdf,PL,success,1,"{""invoice_no"": ""Z202503180059"", ""pa_no"": ""MCKRJH25Q108"", ""hs_code"": ""8541430000"", ""country_of_origin"": ""China"", ""model"": ""JKM635N-78HL4-BD"", ""qty_pc"": 11520, ""pallets"": 635}"
2025년 모듈 발주\징코모듈\탑솔라\170MW 계약 진행건 - 완료\170MW - 1차 개설 20MW(2025.03.14)\징코33.5\PL SNKO03K250302342.pdf,PL,success,1,"{""invoice_no"": ""Z202503180060"", ""pa_no"": ""MCKRJH25Q108"", ""hs_code"": ""8541430000"", ""country_of_origin"": ""China"", ""model"": ""JKM635N-78HL4-BD"", ""qty_pc"": 11520, ""pallets"": 635}"
2025년 모듈 발주\징코모듈\탑솔라\170MW 계약 진행건 - 완료\170MW - 1차 개설 20MW(2025.03.14)\징코33.5\PL SNKO03K250302344.pdf,PL,success,1,"{""invoice_no"": ""Z202503180061"", ""pa_no"": ""MCKRJH25Q108"", ""hs_code"": ""8541430000"", ""country_of_origin"": ""China"", ""model"": ""JKM635N-78HL4-BD"", ""qty_pc"": 8460, ""pallets"": 635}"
2025년 모듈 발주\징코모듈\탑솔라\170MW 계약 진행건 - 완료\170MW - 1차 개설 20MW(2025.03.14)\징코33.5\PL SNKO03K250302826.pdf,PL,success,1,"{""invoice_no"": ""Z202503260092"", ""pa_no"": ""MCKRJH25Q108"", ""hs_code"": ""8541430000"", ""country_of_origin"": ""China"", ""model"": ""JKM635N-78HL4-BD"", ""qty_pc"": 5760, ""pallets"": 635}"
2025년 모듈 발주\징코모듈\탑솔라\170MW 계약 진행건 - 완료\170MW - 1차 개설 20MW(2025.03.14)\징코33.5\PL SNKO03K250400209 (SHACYV52616).pdf,PL,success,1,"{""invoice_no"": ""Z202503260094"", ""pa_no"": ""MCKRJH25Q108"", ""hs_code"": ""8541430000"", ""country_of_origin"": ""China"", ""model"": ""JKM635N-78HL4-BD"", ""qty_pc"": 16128, ""pallets"": 635}"
"2025년 모듈 발주\징코모듈\디원\선적서류\OneDrive_2025-12-09 디원 11502pcs  DJSCNGB250024680_BL\CI_Theone_11,502pcs  수정.pdf",CI,success,1,"{""invoice_no"": ""Z202511190066"", ""pa_no"": ""MCKRJH25Q109"", ""hs_code"": ""8541430000"", ""country_of_origin"": ""China"", ""model"": ""JKM635N-78HL4"", ""qty_pc"": 10902, ""total_watt"": 6922770, ""unit_price_usd_wp"": 0.08, ""total_usd"": 553821.0}"
"2025년 모듈 발주\징코모듈\디원\선적서류\OneDrive_2025-12-09 디원 11502pcs  DJSCNGB250024680_BL\CI_Theone_11,502pcs.pdf",CI,success,1,"{""invoice_no"": ""Z202511190066"", ""pa_no"": ""MCKRJH25Q109"", ""hs_code"": ""8541430000"", ""trade_term"": ""CIF"", ""country_of_origin"": ""China"", ""model"": ""JKM635N-78HL4-B"", ""qty_pc"": 10902}"
"2025년 모듈 발주\징코모듈\디원\선적서류\OneDrive_2025-12-09 디원 11502pcs  DJSCNGB250024680_BL\PL_Theone_11,502pcs 수정.pdf",PL,success,1,"{""invoice_no"": ""Z202511190066"", ""pa_no"": ""MCKRJH25Q109"", ""hs_code"": ""8541430000"", ""country_of_origin"": ""China"", ""model"": ""JKM635N-78HL4"", ""pallets"": 600}"
"2025년 모듈 발주\징코모듈\디원\선적서류\OneDrive_2025-12-09 디원 11502pcs  DJSCNGB250024680_BL\PL_Theone_11,502pcs.pdf",PL,success,1,"{""invoice_no"": ""Z202511190066"", ""pa_no"": ""MCKRJH25Q109"", ""hs_code"": ""8541430000"", ""country_of_origin"": ""China"", ""model"": ""JKM635N-78HL4-BDV"", ""qty_pc"": 10902, ""pallets"": 635}"
"2025년 모듈 발주\징코모듈\디원\선적서류\OneDrive_2025-12-09 디원  5760pcs DJSCNGB250024685\CI_Theone_5,760pcs.pdf",CI,success,1,"{""invoice_no"": ""Z202511190064"", ""pa_no"": ""MCKRJH25Q109"", ""hs_code"": ""8541430000"", ""country_of_origin"": ""China"", ""model"": ""JKM635N-78HL4"", ""qty_pc"": 5760, ""total_watt"": 3657600, ""total_usd"": 292608.0}"
"2025년 모듈 발주\징코모듈\디원\선적서류\OneDrive_2025-12-09 디원  5760pcs DJSCNGB250024685\PL_Theone_5,760pcs.pdf",PL,success,1,"{""invoice_no"": ""Z202511190064"", ""pa_no"": ""MCKRJH25Q109"", ""hs_code"": ""8541430000"", ""country_of_origin"": ""China"", ""model"": ""JKM635N-78HL4""}"
"2025년 모듈 발주\징코모듈\탑솔라\400MW 계약서 - 350MW 변경\징코-탑솔라 13,248pcs- 동진상선 DJSCNGB250024687\CI_13,248pcs.pdf",CI,success,1,"{""invoice_no"": ""Z202511280372"", ""pa_no"": ""MCKRJH25Q301"", ""hs_code"": ""8541430000"", ""country_of_origin"": ""China"", ""model"": ""JKM635N-78HL4"", ""qty_pc"": 13248, ""total_watt"": 8412480, ""unit_price_usd_wp"": 0.087, ""total_usd"": 731885.0}"
"2025년 모듈 발주\징코모듈\탑솔라\400MW 계약서 - 350MW 변경\징코-탑솔라 13,248pcs- 동진상선 DJSCNGB250024687\PL_13,248pcs.pdf",PL,success,1,"{""invoice_no"": ""Z202511280372"", ""pa_no"": ""MCKRJH25Q301"", ""hs_code"": ""8541430000"", ""country_of_origin"": ""China"", ""model"": ""JKM635N-78HL4""}"
"2025년 모듈 발주\징코모듈\탑솔라\400MW 계약서 - 350MW 변경\징코-탑솔라 11,772pcs\FW_ ZJNATP0006 8000322588,DJSCNGB250024696,QTY_11772 Pcs\3.8000322588-CUSTOMS-Z202512020148-2-CI.pdf",CI,success,1,"{""invoice_no"": ""Z202512020148"", ""pa_no"": ""MCKRJH25Q301"", ""hs_code"": ""8541430000"", ""country_of_origin"": ""China"", ""model"": ""JKM635N-78HL4"", ""qty_pc"": 11772, ""total_watt"": 7475220, ""unit_price_usd_wp"": 0.087, ""total_usd"": 650344.0}"
"2025년 모듈 발주\징코모듈\탑솔라\400MW 계약서 - 350MW 변경\징코-탑솔라 11,772pcs\FW_ ZJNATP0006 8000322588,DJSCNGB250024696,QTY_11772 Pcs\4.8000322588-CUSTOMS-Z202512020148-2-PL.pdf",PL,success,1,"{""invoice_no"": ""Z202512020148"", ""pa_no"": ""MCKRJH25Q301"", ""hs_code"": ""8541430000"", ""country_of_origin"": ""China"", ""model"": ""JKM635N-78HL4""}"
"2025년 모듈 발주\징코모듈\화신이엔지\징코-화신 635WP 17280pcs SNKO03K251102055\FW_ Re_ ZJNAHW002 8000325107,SNKO03K251102055,QTY_17280 PCS\1.8000325107-CUSTOMS-Z202512050197-2-CI.pdf",CI,success,1,"{""invoice_no"": ""Z202512050197"", ""pa_no"": ""MCKRJH25Q402"", ""hs_code"": ""8541430000"", ""trade_term"": ""CIF"", ""country_of_origin"": ""China"", ""model"": ""JKM635N-78HL4"", ""qty_pc"": 17280, ""total_watt"": 10972800, ""unit_price_usd_wp"": 0.0897, ""total_usd"": 984260.0}"
"2025년 모듈 발주\징코모듈\화신이엔지\징코-화신 635WP 17280pcs SNKO03K251102055\FW_ Re_ ZJNAHW002 8000325107,SNKO03K251102055,QTY_17280 PCS\SNKO03K251102055CI.pdf",CI,success,1,"{""invoice_no"": ""Z202512050197"", ""pa_no"": ""MCKRJH25Q402"", ""hs_code"": ""8541430000"", ""trade_term"": ""CIF"", ""country_of_origin"": ""China"", ""model"": ""JKM635N-78HL4"", ""qty_pc"": 17280, ""total_watt"": 10972800, ""unit_price_usd_wp"": 0.0897, ""total_usd"": 984260.0}"
"2025년 모듈 발주\징코모듈\화신이엔지\징코-화신 635WP 17280pcs SNKO03K251102055\FW_ Re_ ZJNAHW002 8000325107,SNKO03K251102055,QTY_17280 PCS\3.8000325107-CUSTOMS-Z202512050197-2-PL.pdf",PL,success,1,"{""invoice_no"": ""Z202512050197"", ""pa_no"": ""MCKRJH25Q402"", ""hs_code"": ""8541430000"", ""country_of_origin"": ""China"", ""model"": ""JKM635N-78HL4""}"
"2025년 모듈 발주\징코모듈\화신이엔지\징코-화신 635WP 17280pcs SNKO03K251102055\FW_ Re_ ZJNAHW002 8000325107,SNKO03K251102055,QTY_17280 PCS\SNKO03K251102055 PL.pdf",PL,success,1,"{""invoice_no"": ""Z202512050197"", ""pa_no"": ""MCKRJH25Q402"", ""hs_code"": ""8541430000"", ""country_of_origin"": ""China"", ""model"": ""JKM635N-78HL4""}"
2025년 모듈 발주\징코모듈\화신이엔지\징코-화신 635WP 17280pcs  JWSH25120010\FW_ ZJNAHW002 KR\1.8000325101-CUSTOMS-Z202512050196-2-CI.pdf,CI,success,1,"{""invoice_no"": ""Z202512050196"", ""pa_no"": ""MCKRJH25Q402"", ""hs_code"": ""8541430000"", ""trade_term"": ""CIF"", ""country_of_origin"": ""China"", ""model"": ""JKM635N-78HL4"", ""qty_pc"": 17280, ""total_watt"": 10972800, ""unit_price_usd_wp"": 0.0897, ""total_usd"": 984260.0}"
2025년 모듈 발주\징코모듈\화신이엔지\징코-화신 635WP 17280pcs  JWSH25120010\FW_ ZJNAHW002 KR\3.8000325101-CUSTOMS-Z202512050196-2-PL.pdf,PL,success,1,"{""invoice_no"": ""Z202512050196"", ""pa_no"": ""MCKRJH25Q402"", ""hs_code"": ""8541430000"", ""country_of_origin"": ""China"", ""model"": ""JKM635N-78HL4""}"
2025년 모듈 발주\징코모듈\탑솔라\170MW 계약 진행건 - 완료\170MW - 2차 개설 25MW)2025.03.19)\징코 17280pcs\CI HDMUSHAA28081200 635W 17280pcs.pdf,CI,success,1,"{""invoice_no"": ""Z202503260095"", ""pa_no"": ""MCKRJH25Q108"", ""hs_code"": ""8541430000"", ""trade_term"": ""CIF"", ""country_of_origin"": ""China"", ""model"": ""JKM635N-78HL4-BD"", ""qty_pc"": 17280}"
2025년 모듈 발주\징코모듈\탑솔라\170MW 계약 진행건 - 완료\170MW - 2차 개설 25MW)2025.03.19)\징코 17280pcs\PL HDMUSHAA28081200 635W 17280pcs.pdf,PL,success,1,"{""invoice_no"": ""Z202503260095"", ""pa_no"": ""MCKRJH25Q108"", ""hs_code"": ""8541430000"", ""country_of_origin"": ""China"", ""model"": ""JKM635N-78HL4-BD"", ""qty_pc"": 17280, ""pallets"": 635}"
2025년 모듈 발주\징코모듈\탑솔라\170MW 계약 진행건 - 완료\170MW - 5차 개설 63MW\33MW  2025.06.19  산업은행\JWSH25070012\JWSH25070012 CI.pdf,CI,success,1,"{""invoice_no"": ""Z202506230252"", ""pa_no"": ""MCKRJH25Q108"", ""hs_code"": ""8541430000"", ""trade_term"": ""CIF"", ""country_of_origin"": ""China"", ""model"": ""JKM635N-78HL4-BD"", ""qty_pc"": 14400}"
2025년 모듈 발주\징코모듈\탑솔라\170MW 계약 진행건 - 완료\170MW - 5차 개설 63MW\33MW  2025.06.19  산업은행\JWSH25070012\JWSH25070012 PL.pdf,PL,success,1,"{""invoice_no"": ""Z202506230252"", ""pa_no"": ""MCKRJH25Q108"", ""hs_code"": ""8541430000"", ""country_of_origin"": ""China"", ""model"": ""JKM635N-78HL4-BDV-S"", ""qty_pc"": 14400, ""pallets"": 635}"
2025년 모듈 발주\징코모듈\탑솔라\170MW 계약 진행건 - 완료\170MW - 5차 개설 63MW\33MW  2025.06.19  산업은행\JWSH25070013\JWSH25070013 CI.pdf,CI,success,1,"{""invoice_no"": ""Z202506230256"", ""pa_no"": ""MCKRJH25Q108"", ""hs_code"": ""8541430000"", ""trade_term"": ""CIF"", ""country_of_origin"": ""China"", ""model"": ""JKM635N-78HL4-BD"", ""qty_pc"": 14400}"
2025년 모듈 발주\징코모듈\탑솔라\170MW 계약 진행건 - 완료\170MW - 5차 개설 63MW\33MW  2025.06.19  산업은행\JWSH25070013\JWSH25070013 PL.pdf,PL,success,1,"{""invoice_no"": ""Z202506230256"", ""pa_no"": ""MCKRJH25Q108"", ""hs_code"": ""8541430000"", ""country_of_origin"": ""China"", ""model"": ""JKM635N-78HL4-BDV-S"", ""qty_pc"": 14400, ""pallets"": 635}"
2025년 모듈 발주\징코모듈\디원\선적서류\FW_ Re_ 진코 25Q3선적LC Re_ 7월선적스케줄 Re_ 선적납기  JWSH25070017\JWSH25070017 CI.pdf,CI,success,1,"{""invoice_no"": ""Z202506250046"", ""pa_no"": ""MCKRJH25Q109"", ""hs_code"": ""8541430000"", ""trade_term"": ""CIF"", ""country_of_origin"": ""China"", ""model"": ""JKM635N-78HL4-BDV-S"", ""qty_pc"": 17280, ""total_watt"": 10972800, ""total_usd"": 790041.0}"
2025년 모듈 발주\징코모듈\탑솔라\170MW 계약 진행건 - 완료\170MW - 5차 개설 63MW\JWSH25070017\JWSH25070017 CI.pdf,CI,success,1,"{""invoice_no"": ""Z202506250046"", ""pa_no"": ""MCKRJH25Q109"", ""hs_code"": ""8541430000"", ""trade_term"": ""CIF"", ""country_of_origin"": ""China"", ""model"": ""JKM635N-78HL4-BDV-S"", ""qty_pc"": 17280, ""total_watt"": 10972800, ""total_usd"": 790041.0}"
2025년 모듈 발주\징코모듈\디원\선적서류\FW_ Re_ 진코 25Q3선적LC Re_ 7월선적스케줄 Re_ 선적납기  JWSH25070017\JWSH25070017 PL.pdf,PL,success,1,"{""invoice_no"": ""Z202506250046"", ""pa_no"": ""MCKRJH25Q109"", ""hs_code"": ""8541430000"", ""country_of_origin"": ""China""}"
2025년 모듈 발주\징코모듈\탑솔라\170MW 계약 진행건 - 완료\170MW - 5차 개설 63MW\JWSH25070017\JWSH25070017 PL.pdf,PL,success,1,"{""invoice_no"": ""Z202506250046"", ""pa_no"": ""MCKRJH25Q109"", ""hs_code"": ""8541430000"", ""country_of_origin"": ""China""}"
2025년 모듈 발주\징코모듈\디원\선적서류\FW_ Re_ 진코 25Q3선적LC Re_ 7월선적스케줄 Re_    JWSH25070018\JWSH25070018 CI.pdf,CI,success,1,"{""invoice_no"": ""Z202506250048"", ""pa_no"": ""MCKRJH25Q109"", ""hs_code"": ""8541430000"", ""trade_term"": ""CIF"", ""country_of_origin"": ""China"", ""model"": ""JKM635N-78HL4-BDV-S"", ""qty_pc"": 6342, ""total_watt"": 4027170, ""total_usd"": 289956.0}"
2025년 모듈 발주\징코모듈\탑솔라\170MW 계약 진행건 - 완료\170MW - 5차 개설 63MW\JWSH25070018\JWSH25070018 CI.pdf,CI,success,1,"{""invoice_no"": ""Z202506250048"", ""pa_no"": ""MCKRJH25Q109"", ""hs_code"": ""8541430000"", ""trade_term"": ""CIF"", ""country_of_origin"": ""China"", ""model"": ""JKM635N-78HL4-BDV-S"", ""qty_pc"": 6342, ""total_watt"": 4027170, ""total_usd"": 289956.0}"
2025년 모듈 발주\징코모듈\디원\선적서류\FW_ Re_ 진코 25Q3선적LC Re_ 7월선적스케줄 Re_    JWSH25070018\JWSH25070018 PL.pdf,PL,success,1,"{""invoice_no"": ""Z202506250048"", ""pa_no"": ""MCKRJH25Q109"", ""hs_code"": ""8541430000"", ""country_of_origin"": ""China""}"
2025년 모듈 발주\징코모듈\탑솔라\170MW 계약 진행건 - 완료\170MW - 5차 개설 63MW\JWSH25070018\JWSH25070018 PL.pdf,PL,success,1,"{""invoice_no"": ""Z202506250048"", ""pa_no"": ""MCKRJH25Q109"", ""hs_code"": ""8541430000"", ""country_of_origin"": ""China""}"
2025년 모듈 발주\징코모듈\탑솔라\170MW 계약 진행건 - 완료\170MW - 5차 개설 63MW\JWSH25070021\JWSH25070021 CI.pdf,CI,success,1,"{""invoice_no"": ""Z202506250076"", ""pa_no"": ""MCKRJH25Q108"", ""hs_code"": ""8541430000"", ""country_of_origin"": ""China"", ""model"": ""JKM635N-78HL4-BDV-S"", ""qty_pc"": 4374, ""total_watt"": 2777490, ""unit_price_usd_wp"": 0.08, ""total_usd"": 222199.0}"
2025년 모듈 발주\징코모듈\탑솔라\170MW 계약 진행건 - 완료\170MW - 5차 개설 63MW\JWSH25070021\JWSH25070021 PL.pdf,PL,success,1,"{""invoice_no"": ""Z202506250076"", ""pa_no"": ""MCKRJH25Q108"", ""hs_code"": ""8541430000"", ""country_of_origin"": ""China"", ""pallets"": 4374}"
2025년 모듈 발주\징코모듈\탑솔라\170MW 계약 진행건 - 완료\170MW - 5차 개설 63MW\33MW  2025.06.19  산업은행\징코 2025.7.15선적 JWSH25070022\JWSH25070022 CI.pdf,CI,success,1,"{""invoice_no"": ""Z202506250074"", ""pa_no"": ""MCKRJH25Q108"", ""hs_code"": ""8541430000"", ""country_of_origin"": ""China"", ""model"": ""JKM635N-78HL4-BDV-S"", ""qty_pc"": 20160, ""total_watt"": 12801600, ""unit_price_usd_wp"": 0.08, ""total_usd"": 1024128.0}"
2025년 모듈 발주\징코모듈\탑솔라\170MW 계약 진행건 - 완료\170MW - 5차 개설 63MW\33MW  2025.06.19  산업은행\징코 2025.7.15선적 JWSH25070022\JWSH25070022 PL.pdf,PL,success,1,"{""invoice_no"": ""Z202506250074"", ""pa_no"": ""MCKRJH25Q108"", ""hs_code"": ""8541430000"", ""country_of_origin"": ""China"", ""model"": ""JKM635N-78HL4-BDV-S""}"
2025년 모듈 발주\징코모듈\탑솔라\170MW 계약 진행건 - 완료\170MW - 5차 개설 63MW\JWSH25070025\JWSH25070025 CI.pdf,CI,success,1,"{""invoice_no"": ""Z202506250067"", ""lc_no"": ""M42M62506NU00032"", ""pa_no"": ""MCKRJH25Q108"", ""hs_code"": ""8541430000"", ""trade_term"": ""CIF"", ""country_of_origin"": ""China"", ""model"": ""JKM635N-78HL4-BDV-S"", ""qty_pc"": 17280, ""total_watt"": 10972800, ""unit_price_usd_wp"": 0.08, ""total_usd"": 877824.0}"
2025년 모듈 발주\징코모듈\탑솔라\170MW 계약 진행건 - 완료\170MW - 5차 개설 63MW\JWSH25070025\JWSH25070025 PL.pdf,PL,success,1,"{""invoice_no"": ""Z202506250067"", ""lc_no"": ""M42M62506NU00032"", ""pa_no"": ""MCKRJH25Q108"", ""hs_code"": ""8541430000"", ""country_of_origin"": ""China""}"
2025년 모듈 발주\징코모듈\탑솔라\170MW 계약 진행건 - 완료\170MW - 6차 개설 24.3MW\JWSH25070026\JWSH25070026 CI.pdf,CI,success,1,"{""invoice_no"": ""Z202506250069"", ""lc_no"": ""M42M62506NU00032"", ""pa_no"": ""MCKRJH25Q108"", ""hs_code"": ""8541430000"", ""trade_term"": ""CIF"", ""country_of_origin"": ""China"", ""model"": ""JKM635N-78HL4-BDV-S"", ""qty_pc"": 12324, ""total_watt"": 7825740, ""unit_price_usd_wp"": 0.08, ""total_usd"": 626059.0}"
2025년 모듈 발주\징코모듈\탑솔라\170MW 계약 진행건 - 완료\170MW - 6차 개설 24.3MW\JWSH25070026\JWSH25070026 PL.pdf,PL,success,1,"{""invoice_no"": ""Z202506250069"", ""lc_no"": ""M42M62506NU00032"", ""pa_no"": ""MCKRJH25Q108"", ""hs_code"": ""8541430000"", ""country_of_origin"": ""China""}"
"2025년 모듈 발주\징코모듈\탑솔라\170MW 계약 진행건 - 완료\170MW - 6차 개설 24.3MW\JWSH25080025,26\FW_ RE_ 진코 25Q3선적LC\JWSH25080025 CI.pdf",CI,success,1,"{""invoice_no"": ""Z202507230085"", ""pa_no"": ""MCKRJH25Q108"", ""hs_code"": ""8541430000"", ""country_of_origin"": ""China"", ""model"": ""JKM635N-78HL4-BDV-S"", ""qty_pc"": 11520, ""total_watt"": 7315200, ""unit_price_usd_wp"": 0.08, ""total_usd"": 526694.0}"
"2025년 모듈 발주\징코모듈\탑솔라\170MW 계약 진행건 - 완료\170MW - 6차 개설 24.3MW\JWSH25080025,26\FW_ RE_ 진코 25Q3선적LC\JWSH25080025 PL.pdf",PL,success,1,"{""invoice_no"": ""Z202507230085"", ""pa_no"": ""MCKRJH25Q108"", ""hs_code"": ""8541430000"", ""country_of_origin"": ""China"", ""model"": ""JKM635N-78HL4-BDV-S""}"
"2025년 모듈 발주\징코모듈\탑솔라\170MW 계약 진행건 - 완료\170MW - 6차 개설 24.3MW\JWSH25080025,26\FW_ RE_ 진코 25Q3선적LC\JWSH25080026 CI.pdf",CI,success,1,"{""invoice_no"": ""Z202507230086"", ""pa_no"": ""MCKRJH25Q108"", ""hs_code"": ""8541430000"", ""country_of_origin"": ""China"", ""model"": ""JKM635N-78HL4-BDV-S"", ""qty_pc"": 10944, ""total_watt"": 6949440, ""unit_price_usd_wp"": 0.08, ""total_usd"": 500359.0}"
"2025년 모듈 발주\징코모듈\탑솔라\170MW 계약 진행건 - 완료\170MW - 6차 개설 24.3MW\JWSH25080025,26\FW_ RE_ 진코 25Q3선적LC\JWSH25080026 Pl.pdf",PL,success,1,"{""invoice_no"": ""Z202507230086"", ""pa_no"": ""MCKRJH25Q108"", ""hs_code"": ""8541430000"", ""country_of_origin"": ""China""}"
2025년 모듈 발주\징코모듈\탑솔라\170MW 계약 진행건 - 완료\170MW - 6차 개설 24.3MW\징코모듈  ETD 8.31 17718pcs\JWSH25080028 CI.pdf,CI,success,1,"{""invoice_no"": ""Z202507230087"", ""pa_no"": ""MCKRJH25Q108"", ""hs_code"": ""8541430000"", ""trade_term"": ""CIF"", ""country_of_origin"": ""China"", ""model"": ""JKM635N-78HL4-BD"", ""qty_pc"": 15738}"
2025년 모듈 발주\징코모듈\탑솔라\170MW 계약 진행건 - 완료\170MW - 6차 개설 24.3MW\징코모듈  ETD 8.31 17718pcs\JWSH25080028 PL.pdf,PL,success,1,"{""invoice_no"": ""Z202507230087"", ""pa_no"": ""MCKRJH25Q108"", ""hs_code"": ""8541430000"", ""country_of_origin"": ""China"", ""model"": ""JKM635N-78HL4-BDV-S"", ""qty_pc"": 1980, ""pallets"": 635}"
2025년 모듈 발주\징코모듈\디원\선적서류\디원  11520pcs\JWSH25090001 CI.pdf,CI,success,1,"{""invoice_no"": ""Z202507240156"", ""pa_no"": ""MCKRJH25Q109"", ""hs_code"": ""8541430000"", ""trade_term"": ""CIF"", ""country_of_origin"": ""China"", ""model"": ""JKM635N-78HL4-BD"", ""qty_pc"": 11520}"
2025년 모듈 발주\징코모듈\디원\선적서류\디원  11520pcs\JWSH25090001 PL.pdf,PL,success,1,"{""invoice_no"": ""Z202507240156"", ""pa_no"": ""MCKRJH25Q109"", ""hs_code"": ""8541430000"", ""country_of_origin"": ""China"", ""model"": ""JKM635N-78HL4-BDV-S"", ""qty_pc"": 11520, ""pallets"": 635}"
2025년 모듈 발주\징코모듈\9월 징코모듈 선적서류\RE_ 진코솔라 9월 선적스케줄\디원\JWSH25090007 CI.pdf,CI,success,1,"{""invoice_no"": ""Z202507220202"", ""pa_no"": ""MCKRJH25Q109"", ""hs_code"": ""8541430000"", ""trade_term"": ""CIF"", ""country_of_origin"": ""China"", ""model"": ""JKM635N-78HL4-BD"", ""qty_pc"": 10332}"
2025년 모듈 발주\징코모듈\디원\선적서류\JWSH25090007 CI.pdf,CI,success,1,"{""invoice_no"": ""Z202507220202"", ""pa_no"": ""MCKRJH25Q109"", ""hs_code"": ""8541430000"", ""trade_term"": ""CIF"", ""country_of_origin"": ""China"", ""model"": ""JKM635N-78HL4-BD"", ""qty_pc"": 10332}"
2025년 모듈 발주\징코모듈\9월 징코모듈 선적서류\RE_ 진코솔라 9월 선적스케줄\디원\JWSH25090007 PL.pdf,PL,success,1,"{""invoice_no"": ""Z202507220202"", ""pa_no"": ""MCKRJH25Q109"", ""hs_code"": ""8541430000"", ""country_of_origin"": ""China"", ""model"": ""JKM635N-78HL4-BDV-S"", ""qty_pc"": 10332, ""pallets"": 635}"
2025년 모듈 발주\징코모듈\디원\선적서류\JWSH25090007 PL.pdf,PL,success,1,"{""invoice_no"": ""Z202507220202"", ""pa_no"": ""MCKRJH25Q109"", ""hs_code"": ""8541430000"", ""country_of_origin"": ""China"", ""model"": ""JKM635N-78HL4-BDV-S"", ""qty_pc"": 10332, ""pallets"": 635}"
2025년 모듈 발주\징코모듈\9월 징코모듈 선적서류\RE_ 진코솔라 9월 선적스케줄\디원\JWSH25090008 CI.pdf,CI,success,1,"{""invoice_no"": ""Z202507220193"", ""pa_no"": ""MCKRJH25Q109"", ""hs_code"": ""8541430000"", ""trade_term"": ""CIF"", ""country_of_origin"": ""China"", ""model"": ""JKM635N-78HL4-BD"", ""qty_pc"": 11520}"
2025년 모듈 발주\징코모듈\디원\선적서류\JWSH25090008 CI.pdf,CI,success,1,"{""invoice_no"": ""Z202507220193"", ""pa_no"": ""MCKRJH25Q109"", ""hs_code"": ""8541430000"", ""trade_term"": ""CIF"", ""country_of_origin"": ""China"", ""model"": ""JKM635N-78HL4-BD"", ""qty_pc"": 11520}"
2025년 모듈 발주\징코모듈\9월 징코모듈 선적서류\RE_ 진코솔라 9월 선적스케줄\디원\JWSH25090008 PL.pdf,PL,success,1,"{""invoice_no"": ""Z202507220193"", ""pa_no"": ""MCKRJH25Q109"", ""hs_code"": ""8541430000"", ""country_of_origin"": ""China"", ""model"": ""JKM635N-78HL4-BDV-S"", ""qty_pc"": 11520, ""pallets"": 635}"
2025년 모듈 발주\징코모듈\디원\선적서류\JWSH25090008 PL.pdf,PL,success,1,"{""invoice_no"": ""Z202507220193"", ""pa_no"": ""MCKRJH25Q109"", ""hs_code"": ""8541430000"", ""country_of_origin"": ""China"", ""model"": ""JKM635N-78HL4-BDV-S"", ""qty_pc"": 11520, ""pallets"": 635}"
2025년 모듈 발주\징코모듈\디원\선적서류\디원 9252pcs\JWSH25090011 CI.pdf,CI,success,1,"{""invoice_no"": ""Z202507240161"", ""pa_no"": ""MCKRJH25Q109"", ""hs_code"": ""8541430000"", ""trade_term"": ""CIF"", ""country_of_origin"": ""China"", ""model"": ""JKM635N-78HL4-BD"", ""qty_pc"": 9252}"
2025년 모듈 발주\징코모듈\디원\선적서류\디원 9252pcs\JWSH25090011 PL.pdf,PL,success,1,"{""invoice_no"": ""Z202507240161"", ""pa_no"": ""MCKRJH25Q109"", ""hs_code"": ""8541430000"", ""country_of_origin"": ""China"", ""model"": ""JKM635N-78HL4-BDV-S"", ""qty_pc"": 9252, ""pallets"": 635}"
2025년 모듈 발주\징코모듈\9월 징코모듈 선적서류\새 폴더\RE_ 진코솔라 9월 선적스케줄\JWSH25090054 CI.pdf,CI,success,1,"{""invoice_no"": ""Z202509030093"", ""pa_no"": ""MCKRJH25Q301"", ""hs_code"": ""8541430000"", ""trade_term"": ""CIF"", ""country_of_origin"": ""China"", ""model"": ""JKM635N-78HL4-BD"", ""qty_pc"": 8640}"
2025년 모듈 발주\징코모듈\9월 징코모듈 선적서류\새 폴더\RE_ 진코솔라 9월 선적스케줄\JWSH25090054 PL.pdf,PL,success,1,"{""invoice_no"": ""Z202509030093"", ""pa_no"": ""MCKRJH25Q301"", ""hs_code"": ""8541430000"", ""country_of_origin"": ""China"", ""model"": ""JKM635N-78HL4-BDV-S"", ""qty_pc"": 8640, ""pallets"": 635}"
2025년 모듈 발주\징코모듈\9월 징코모듈 선적서류\새 폴더\RE_ 진코솔라 9월 선적스케줄\JWSH25090055 CI.pdf,CI,success,1,"{""invoice_no"": ""Z202509030094"", ""pa_no"": ""MCKRJH25Q301"", ""hs_code"": ""8541430000"", ""trade_term"": ""CIF"", ""country_of_origin"": ""China"", ""model"": ""JKM635N-78HL4-BD"", ""qty_pc"": 14976}"
2025년 모듈 발주\징코모듈\9월 징코모듈 선적서류\새 폴더\RE_ 진코솔라 9월 선적스케줄\JWSH25090055 PL.pdf,PL,success,1,"{""invoice_no"": ""Z202509030094"", ""pa_no"": ""MCKRJH25Q301"", ""hs_code"": ""8541430000"", ""country_of_origin"": ""China"", ""model"": ""JKM635N-78HL4-BDV-S"", ""qty_pc"": 14976, ""pallets"": 635}"
2025년 모듈 발주\징코모듈\9월 징코모듈 선적서류\새 폴더\RE_ 진코솔라 9월 선적스케줄\JWSH25090057 CI.pdf,CI,success,1,"{""invoice_no"": ""Z202509030095"", ""pa_no"": ""MCKRJH25Q301"", ""hs_code"": ""8541430000"", ""trade_term"": ""CIF"", ""country_of_origin"": ""China"", ""model"": ""JKM635N-78HL4-BD"", ""qty_pc"": 12096}"
2025년 모듈 발주\징코모듈\9월 징코모듈 선적서류\새 폴더\RE_ 진코솔라 9월 선적스케줄\JWSH25090057 PL.pdf,PL,success,1,"{""invoice_no"": ""Z202509030095"", ""pa_no"": ""MCKRJH25Q301"", ""hs_code"": ""8541430000"", ""country_of_origin"": ""China"", ""model"": ""JKM635N-78HL4-BDV-S"", ""qty_pc"": 12096, ""pallets"": 635}"
"2025년 모듈 발주\징코모듈\화신이엔지\징코-화신 635WP 17280pcs  JWSH25120010\CI_17,280pcs.pdf",CI,success,1,"{""invoice_no"": ""Z202512050196"", ""pa_no"": ""MCKRJH25Q402"", ""hs_code"": ""8541430000"", ""trade_term"": ""CIF"", ""country_of_origin"": ""China"", ""model"": ""JKM635N-78HL4"", ""qty_pc"": 17280, ""total_watt"": 10972800, ""unit_price_usd_wp"": 0.0897, ""total_usd"": 984260.0}"
2025년 모듈 발주\징코모듈\화신이엔지\징코-화신 635WP 17280pcs  JWSH25120010\FW_ ZJNAHW002 KR\JWSH25120010  CI.pdf,CI,success,1,"{""invoice_no"": ""Z202512050196"", ""pa_no"": ""MCKRJH25Q402"", ""hs_code"": ""8541430000"", ""trade_term"": ""CIF"", ""country_of_origin"": ""China"", ""model"": ""JKM635N-78HL4"", ""qty_pc"": 17280, ""total_watt"": 10972800, ""unit_price_usd_wp"": 0.0897, ""total_usd"": 984260.0}"
2025년 모듈 발주\징코모듈\화신이엔지\징코-화신 635WP 17280pcs  JWSH25120010\FW_ ZJNAHW002 KR\JWSH25120010 -PL.pdf,PL,success,1,"{""invoice_no"": ""Z202512050196"", ""pa_no"": ""MCKRJH25Q402"", ""hs_code"": ""8541430000"", ""country_of_origin"": ""China"", ""model"": ""JKM635N-78HL4""}"
"2025년 모듈 발주\징코모듈\화신이엔지\징코-화신 635WP 17280pcs  JWSH25120010\PL_17,280pcs.pdf",PL,success,1,"{""invoice_no"": ""Z202512050196"", ""pa_no"": ""MCKRJH25Q402"", ""hs_code"": ""8541430000"", ""country_of_origin"": ""China"", ""model"": ""JKM635N-78HL4""}"
"2025년 모듈 발주\징코모듈\탑솔라\400MW 계약서 - 350MW 변경\징코-탑솔라 4284pcs-JWSH25120016\CI_4,284pcs.pdf",CI,success,1,"{""invoice_no"": ""Z202512020076"", ""pa_no"": ""MCKRJH25Q301"", ""hs_code"": ""8541430000"", ""country_of_origin"": ""China"", ""model"": ""JKM635N-78HL4"", ""qty_pc"": 4284, ""total_watt"": 2720340, ""unit_price_usd_wp"": 0.087, ""total_usd"": 236669.0}"
"2025년 모듈 발주\징코모듈\탑솔라\400MW 계약서 - 350MW 변경\징코-탑솔라 4284pcs-JWSH25120016\PL_4,284pcs.pdf",PL,success,1,"{""invoice_no"": ""Z202512020076"", ""pa_no"": ""MCKRJH25Q301"", ""hs_code"": ""8541430000"", ""country_of_origin"": ""China"", ""model"": ""JKM635N-78HL4"", ""pallets"": 4284}"
"2025년 모듈 발주\징코모듈\탑솔라\400MW 계약서 - 350MW 변경\징코-탑솔라 15732pcs-JWSH25120029\CI_15,732pcs  수정본.pdf",CI,success,1,"{""invoice_no"": ""Z202512020077"", ""pa_no"": ""MCKRJH25Q301"", ""hs_code"": ""8541430000"", ""country_of_origin"": ""China"", ""model"": ""JKM635N-78HL4-BDV-S"", ""qty_pc"": 15732, ""total_watt"": 9989820, ""unit_price_usd_wp"": 0.087, ""total_usd"": 869114.0}"
"2025년 모듈 발주\징코모듈\탑솔라\400MW 계약서 - 350MW 변경\징코-탑솔라 15732pcs-JWSH25120029\CI_15,732pcs.pdf",CI,success,1,"{""invoice_no"": ""Z202512020077"", ""pa_no"": ""MCKRJH25Q301"", ""hs_code"": ""8541430000"", ""trade_term"": ""CIF"", ""country_of_origin"": ""China"", ""model"": ""JKM635N-78HL4-B"", ""qty_pc"": 15732}"
"2025년 모듈 발주\징코모듈\탑솔라\400MW 계약서 - 350MW 변경\징코-탑솔라 15732pcs-JWSH25120029\PL_15,732pcs - 수정본.pdf",PL,success,1,"{""invoice_no"": ""Z202512020077"", ""pa_no"": ""MCKRJH25Q301"", ""hs_code"": ""8541430000"", ""country_of_origin"": ""China"", ""model"": ""JKM635N-78HL4""}"
"2025년 모듈 발주\징코모듈\탑솔라\400MW 계약서 - 350MW 변경\징코-탑솔라 15732pcs-JWSH25120029\PL_15,732pcs.pdf",PL,success,1,"{""invoice_no"": ""Z202512020077"", ""pa_no"": ""MCKRJH25Q301"", ""hs_code"": ""8541430000"", ""country_of_origin"": ""China"", ""model"": ""JKM635N-78HL4-BDV"", ""qty_pc"": 15732, ""pallets"": 635}"
"2025년 모듈 발주\징코모듈\화신이엔지\론지-징코모듈SHADHG40310\THE ONE Co., Ltd_40HQ_17_LS2512293984_ATD12.29\LS2512293984_CI&PL.pdf",PL,success,2,"{""invoice_no"": ""LS2512293984"", ""hs_code"": ""8541430000"", ""trade_term"": ""CIF"", ""country_of_origin"": ""CHINA"", ""model"": ""LR7-72HYD-650M"", ""qty_pc"": 3323, ""total_watt"": 2159950}"
2025년 모듈 발주\징코모듈\탑솔라\170MW 계약 진행건 - 완료\170MW - 4차 개설 37MW(2025.04.07)\NBOZY6445100  16128pcs  SHKWA25011758\NBOZY6445100 CI.pdf,CI,success,1,"{""invoice_no"": ""Z202504100046"", ""pa_no"": ""MCKRJH25Q108"", ""hs_code"": ""8541430000"", ""trade_term"": ""CIF"", ""country_of_origin"": ""China"", ""model"": ""JKM635N-78HL4-BD"", ""qty_pc"": 16128}"
2025년 모듈 발주\징코모듈\탑솔라\170MW 계약 진행건 - 완료\170MW - 4차 개설 37MW(2025.04.07)\NBOZY6445100  16128pcs  SHKWA25011758\NBOZY6445100 PL.pdf,PL,success,1,"{""invoice_no"": ""Z202504100046"", ""pa_no"": ""MCKRJH25Q108"", ""hs_code"": ""8541430000"", ""country_of_origin"": ""China"", ""model"": ""JKM635N-78HL4-BD"", ""qty_pc"": 16128, ""pallets"": 635}"
"2025년 모듈 발주\징코모듈\탑솔라\400MW 계약서 - 350MW 변경\징코-탑솔라 19332pcs-JWSH25120034\RE_ [진코솔라코리아] Topsolar 52mw_CI,PL,FR 송부의 건\CI_19,332pcs.pdf",CI,success,1,"{""invoice_no"": ""Z202512020149"", ""pa_no"": ""MCKRJH25Q301"", ""hs_code"": ""8541430000"", ""country_of_origin"": ""China"", ""model"": ""JKM635N-78HL4"", ""qty_pc"": 19332, ""total_watt"": 12275820, ""unit_price_usd_wp"": 0.087, ""total_usd"": 1067996.0}"
"2025년 모듈 발주\징코모듈\탑솔라\400MW 계약서 - 350MW 변경\징코-탑솔라 19332pcs-JWSH25120034\RE_ [진코솔라코리아] Topsolar 52mw_CI,PL,FR 송부의 건\PL_19,332pcs.pdf",PL,success,1,"{""invoice_no"": ""Z202512020149"", ""pa_no"": ""MCKRJH25Q301"", ""hs_code"": ""8541430000"", ""country_of_origin"": ""China"", ""model"": ""JKM635N-78HL4""}"
"2025년 모듈 발주\징코모듈\탑솔라\400MW 계약서 - 350MW 변경\징코-탑솔라 17,532pcs  SELYIT256012\RE_ [진코솔라코리아] Topsolar CI, PL, FR 송부의 건\CI_17,532pcs.pdf",CI,success,1,"{""invoice_no"": ""Z202512020147"", ""pa_no"": ""MCKRJH25Q301"", ""hs_code"": ""8541430000"", ""country_of_origin"": ""China"", ""model"": ""JKM635N-78HL4"", ""qty_pc"": 17532, ""total_watt"": 11132820, ""unit_price_usd_wp"": 0.087, ""total_usd"": 968555.0}"
"2025년 모듈 발주\징코모듈\탑솔라\400MW 계약서 - 350MW 변경\징코-탑솔라 17,532pcs  SELYIT256012\RE_ [진코솔라코리아] Topsolar CI, PL, FR 송부의 건\PL_17,532pcs.pdf",PL,success,1,"{""invoice_no"": ""Z202512020147"", ""pa_no"": ""MCKRJH25Q301"", ""hs_code"": ""8541430000"", ""country_of_origin"": ""China"", ""model"": ""JKM635N-78HL4""}"
"2025년 모듈 발주\징코모듈\탑솔라\400MW 계약서 - 350MW 변경\징코-탑솔라 17,532pcs  SELYIT256012\CI_17,532pcs.pdf",CI,success,1,"{""invoice_no"": ""Z202512020147"", ""pa_no"": ""MCKRJH25Q301"", ""hs_code"": ""8541430000"", ""country_of_origin"": ""China"", ""model"": ""JKM635N-78HL4"", ""qty_pc"": 17532, ""total_watt"": 11132820, ""unit_price_usd_wp"": 0.087, ""total_usd"": 968555.0}"
2025년 모듈 발주\징코모듈\탑솔라\170MW 계약 진행건 - 완료\170MW - 3차 개설 5.5MW(2025.04.04)\635WP  8640pcs SHKWA25009166  (2025.05.22)\SHKWA25009166 BL draft.pdf,BL,partial,2,"{""lc_no"": ""M12MK2504NU00032"", ""total_pallets"": 240}"
2025년 모듈 발주\징코모듈\탑솔라\170MW 계약 진행건 - 완료\170MW - 3차 개설 5.5MW(2025.04.04)\635WP  8640pcs SHKWA25009166  (2025.05.22)\SHKWA25009166 CI.pdf,CI,success,1,"{""invoice_no"": ""Z202504090350"", ""pa_no"": ""MCKRJH25Q108"", ""hs_code"": ""8541430000"", ""trade_term"": ""CIF"", ""country_of_origin"": ""China"", ""model"": ""JKM635N-78HL4-BD"", ""qty_pc"": 8640}"
2025년 모듈 발주\징코모듈\탑솔라\170MW 계약 진행건 - 완료\170MW - 3차 개설 5.5MW(2025.04.04)\635WP  8640pcs SHKWA25009166  (2025.05.22)\SHKWA25009166 PL.pdf,PL,success,1,"{""invoice_no"": ""Z202504090350"", ""pa_no"": ""MCKRJH25Q108"", ""hs_code"": ""8541430000"", ""country_of_origin"": ""China"", ""model"": ""JKM635N-78HL4-BD"", ""qty_pc"": 8640, ""pallets"": 635}"
"2025년 모듈 발주\징코모듈\탑솔라\170MW 계약 진행건 - 완료\170MW - 4차 개설 37MW(2025.04.07)\징코 10MW(16,128pcs) 2025.06.02 SHKWA25010062\SHKWA25010062 CI.pdf",CI,success,1,"{""invoice_no"": ""Z202504100041"", ""pa_no"": ""MCKRJH25Q108"", ""hs_code"": ""8541430000"", ""trade_term"": ""CIF"", ""country_of_origin"": ""China"", ""model"": ""JKM635N-78HL4-BD"", ""qty_pc"": 16128}"
"2025년 모듈 발주\징코모듈\탑솔라\170MW 계약 진행건 - 완료\170MW - 4차 개설 37MW(2025.04.07)\징코 10MW(16,128pcs) 2025.06.02 SHKWA25010062\SHKWA25010062 PL.pdf",PL,success,1,"{""invoice_no"": ""Z202504100041"", ""pa_no"": ""MCKRJH25Q108"", ""hs_code"": ""8541430000"", ""country_of_origin"": ""China"", ""model"": ""JKM635N-78HL4-BD"", ""qty_pc"": 16128, ""pallets"": 635}"
2025년 모듈 발주\징코모듈\9월 징코모듈 선적서류\RE_ 진코솔라 9월 선적스케줄\SHKWA25019106 CI.pdf,CI,success,1,"{""invoice_no"": ""Z202509030092"", ""pa_no"": ""MCKRJH25Q301"", ""hs_code"": ""8541430000"", ""trade_term"": ""CIF"", ""country_of_origin"": ""China"", ""model"": ""JKM635N-78HL4-BD"", ""qty_pc"": 14976}"
2025년 모듈 발주\징코모듈\9월 징코모듈 선적서류\RE_ 진코솔라 9월 선적스케줄\SHKWA25019106 HBL.pdf,HBL,partial,2,"{""bl_no_in_pdf"": ""sHKWA25019106"", ""total_pallets"": 416}"
2025년 모듈 발주\징코모듈\9월 징코모듈 선적서류\RE_ 진코솔라 9월 선적스케줄\SHKWA25019106 PL.pdf,PL,success,1,"{""invoice_no"": ""Z202509030092"", ""pa_no"": ""MCKRJH25Q301"", ""hs_code"": ""8541430000"", ""country_of_origin"": ""China"", ""model"": ""JKM635N-78HL4-BDV-S"", ""qty_pc"": 14976, ""pallets"": 635}"
2025년 모듈 발주\징코모듈\9월 징코모듈 선적서류\RE_ 진코솔라 9월 선적스케줄\SHKWA25019107 CI.pdf,CI,success,1,"{""invoice_no"": ""Z202509030090"", ""pa_no"": ""MCKRJH25Q301"", ""hs_code"": ""8541430000"", ""trade_term"": ""CIF"", ""country_of_origin"": ""China"", ""model"": ""JKM635N-78HL4-BD"", ""qty_pc"": 8640}"
2025년 모듈 발주\징코모듈\9월 징코모듈 선적서류\RE_ 진코솔라 9월 선적스케줄\SHKWA25019107 PL.pdf,PL,success,1,"{""invoice_no"": ""Z202509030090"", ""pa_no"": ""MCKRJH25Q301"", ""hs_code"": ""8541430000"", ""country_of_origin"": ""China"", ""model"": ""JKM635N-78HL4-BDV-S"", ""qty_pc"": 8640, ""pallets"": 635}"
2025년 모듈 발주\징코모듈\9월 징코모듈 선적서류\RE_ 진코솔라 9월 선적스케줄\SHKWA25019109 CI.pdf,CI,success,1,"{""invoice_no"": ""Z202509030091"", ""pa_no"": ""MCKRJH25Q301"", ""hs_code"": ""8541430000"", ""trade_term"": ""CIF"", ""country_of_origin"": ""China"", ""model"": ""JKM635N-78HL4-BD"", ""qty_pc"": 8640}"
2025년 모듈 발주\징코모듈\9월 징코모듈 선적서류\RE_ 진코솔라 9월 선적스케줄\SHKWA25019109 HBL.pdf,HBL,partial,2,"{""bl_no_in_pdf"": ""sHRWA25019109"", ""total_pallets"": 240}"
2025년 모듈 발주\징코모듈\9월 징코모듈 선적서류\RE_ 진코솔라 9월 선적스케줄\SHKWA25019109 PL.pdf,PL,success,1,"{""invoice_no"": ""Z202509030091"", ""pa_no"": ""MCKRJH25Q301"", ""hs_code"": ""8541430000"", ""country_of_origin"": ""China"", ""model"": ""JKM635N-78HL4-BDV-S"", ""qty_pc"": 8640, ""pallets"": 635}"
2025년 모듈 발주\징코모듈\9월 징코모듈 선적서류\RE_ 진코솔라 9월 선적스케줄 (마지막 선적)\SHKWA25019765 CI.pdf,CI,success,1,"{""invoice_no"": ""Z202509030096"", ""pa_no"": ""MCKRJH25Q301"", ""hs_code"": ""8541430000"", ""country_of_origin"": ""China"", ""model"": ""JKM635N-78HL4-BDV-S"", ""qty_pc"": 13248, ""total_watt"": 8412480, ""unit_price_usd_wp"": 0.09, ""total_usd"": 719267.0}"
2025년 모듈 발주\징코모듈\9월 징코모듈 선적서류\RE_ 진코솔라 9월 선적스케줄 (마지막 선적)\SHKWA25019765 PL.pdf,PL,success,1,"{""invoice_no"": ""Z202509030096"", ""pa_no"": ""MCKRJH25Q301"", ""hs_code"": ""8541430000"", ""country_of_origin"": ""China"", ""model"": ""JKM635N-78HL4""}"
2025년 모듈 발주\징코모듈\9월 징코모듈 선적서류\RE_ 진코솔라 9월 선적스케줄 (마지막 선적)\SHKWA25019767 CI.pdf,CI,success,1,"{""invoice_no"": ""Z202509030097"", ""pa_no"": ""MCKRJH25Q301"", ""hs_code"": ""8541430000"", ""country_of_origin"": ""China"", ""model"": ""JKM635N-78HL4-BDV-S"", ""qty_pc"": 12616, ""total_watt"": 8011160, ""unit_price_usd_wp"": 0.09, ""total_usd"": 684954.0}"
2025년 모듈 발주\징코모듈\9월 징코모듈 선적서류\RE_ 진코솔라 9월 선적스케줄 (마지막 선적)\SHKWA25019767 PL.pdf,PL,success,1,"{""invoice_no"": ""Z202509030097"", ""pa_no"": ""MCKRJH25Q301"", ""hs_code"": ""8541430000"", ""country_of_origin"": ""China"", ""model"": ""JKM635N-78HL4""}"
2025년 모듈 발주\징코모듈\9월 징코모듈 선적서류\RE_ 진코솔라 9월 선적스케줄 (마지막 선적)\하나은행\SHKWA25019768 CI.pdf,CI,success,1,"{""invoice_no"": ""Z202509040098"", ""pa_no"": ""MCKRJH25Q301"", ""hs_code"": ""8541430000"", ""trade_term"": ""CIF"", ""country_of_origin"": ""China"", ""model"": ""JKM635N-78HL4"", ""total_watt"": 424180, ""unit_price_usd_wp"": 0.09, ""total_usd"": 38176.0}"
2025년 모듈 발주\징코모듈\9월 징코모듈 선적서류\RE_ 진코솔라 9월 선적스케줄 (마지막 선적)\하나은행\SHKWA25019768 PL.pdf,PL,success,1,"{""invoice_no"": ""Z202509040098"", ""pa_no"": ""MCKRJH25Q301"", ""hs_code"": ""8541430000"", ""country_of_origin"": ""China"", ""pallets"": 668}"
"2025년 모듈 발주\징코모듈\탑솔라\170MW 계약 진행건 - 완료\170MW - 4차 개설 37MW(2025.04.07)\징코 10.97MW  (17,280pcs)  2025.06.08선적 SHPUS25011179\SHPU25011179   17280pcs\SHPUS25011179 CI.pdf",CI,success,1,"{""invoice_no"": ""Z202504100043"", ""pa_no"": ""MCKRJH25Q108"", ""hs_code"": ""8541430000"", ""trade_term"": ""CIF"", ""country_of_origin"": ""China"", ""model"": ""JKM635N-78HL4-BD"", ""qty_pc"": 17280}"
"2025년 모듈 발주\징코모듈\탑솔라\170MW 계약 진행건 - 완료\170MW - 4차 개설 37MW(2025.04.07)\징코 10.97MW  (17,280pcs)  2025.06.08선적 SHPUS25011179\SHPU25011179   17280pcs\SHPUS25011179 PL.pdf",PL,success,1,"{""invoice_no"": ""Z202504100043"", ""pa_no"": ""MCKRJH25Q108"", ""hs_code"": ""8541430000"", ""country_of_origin"": ""China"", ""model"": ""JKM635N-78HL4-BD"", ""qty_pc"": 17280, ""pallets"": 635}"
2025년 모듈 발주\JA솔라 모듈\KNK\70MW 발주\9MW 선적진행\1차선적 635WP 6293pcs(2025.06.29)\Commercial Invoice (to Top Solar)_2025 06 30.pdf,CI,success,1,"{""invoice_no"": ""KNKE20250630"", ""country_of_origin"": "") CHINA"", ""qty_pc"": 6293, ""total_watt"": 3996055, ""total_usd"": 355648.0}"
2025년 모듈 발주\JA솔라 모듈\KNK\70MW 발주\9MW 선적진행\1차선적 635WP 6293pcs(2025.06.29)\Packing List (to Top Solar)_2025 06 30_v2.pdf,PL,partial,1,"{""country_of_origin"": "") CHINA"", ""qty_pc"": 6293, ""cbm"": 702.38}"
2025년 모듈 발주\JA솔라 모듈\KNK\70MW 발주\JA솔라(PCCLBL001250720)\Packing_list_(KNK~TOP_SOLAR)_KNKE20250724_(5MW).pdf,PL,partial,1,"{""country_of_origin"": "") CHINA"", ""qty_pc"": 7812, ""cbm"": 871.92}"
"2026년 모듈 발주\징코솔라\선적서류\RE_ 8000363763,DJSCNGB260008239_ KD2602040181,QTY_17000 PCS, 22회차 10368pcs\CI_10,368pcs.pdf",CI,success,1,"{""invoice_no"": ""Z202602060143"", ""pa_no"": ""MCKRJH25Q301"", ""hs_code"": ""8541430000"", ""trade_term"": ""CIF"", ""country_of_origin"": ""China"", ""model"": ""JKM635N-78HL4"", ""qty_pc"": 10368, ""total_watt"": 6583680, ""unit_price_usd_wp"": 0.11, ""total_usd"": 724204.0}"
"2026년 모듈 발주\징코솔라\선적서류\RE_ 8000363763,DJSCNGB260008239_ KD2602040181,QTY_17000 PCS,  21회차 13824pcs\CI_13,824pcs.pdf",CI,success,1,"{""invoice_no"": ""Z202602060140"", ""pa_no"": ""MCKRJH25Q301"", ""hs_code"": ""8541430000"", ""trade_term"": ""CIF"", ""country_of_origin"": ""China"", ""model"": ""JKM635N-78HL4"", ""qty_pc"": 13824, ""total_watt"": 8778240, ""unit_price_usd_wp"": 0.11, ""total_usd"": 965606.0}"
"2026년 모듈 발주\징코솔라\선적서류\RE_ 8000363763,DJSCNGB260008239_ KD2602040181,QTY_17000 PCS, 22회차 10368pcs\RE_ 8000363763,DJSCNGB260008239_ KD2602040181,QTY_17000 PCS,3\CI_13,824pcs.pdf",CI,success,1,"{""invoice_no"": ""Z202602060140"", ""pa_no"": ""MCKRJH25Q301"", ""hs_code"": ""8541430000"", ""trade_term"": ""CIF"", ""country_of_origin"": ""China"", ""model"": ""JKM635N-78HL4"", ""qty_pc"": 13824, ""total_watt"": 8778240, ""unit_price_usd_wp"": 0.11, ""total_usd"": 965606.0}"
"2026년 모듈 발주\징코솔라\선적서류\RE_ 8000363763,DJSCNGB260008239_ KD2602040181,QTY_17000 PCS,20회차 15552pcs\CI_15,552pcs.pdf",CI,success,1,"{""invoice_no"": ""Z202602060138"", ""pa_no"": ""MCKRJH25Q301"", ""hs_code"": ""8541430000"", ""trade_term"": ""CIF"", ""country_of_origin"": ""China"", ""model"": ""JKM635N-78HL4-BDV-S1"", ""qty_pc"": 15552, ""total_watt"": 9875520, ""unit_price_usd_wp"": 0.11, ""total_usd"": 1086307.0}"
"2026년 모듈 발주\징코솔라\선적서류\RE_ 8000363763,DJSCNGB260008239_ KD2602040181,QTY_18회차 9216pcs\CI_9,216pcs.pdf",CI,success,1,"{""invoice_no"": ""Z202602060132"", ""pa_no"": ""MCKRJH25Q301"", ""hs_code"": ""8541430000"", ""country_of_origin"": ""China"", ""model"": ""JKM635N-78HL4"", ""qty_pc"": 9216, ""unit_price_usd_wp"": 0.11, ""total_usd"": 643737.0}"
"2026년 모듈 발주\징코솔라\선적서류\RE_ 8000363763,DJSCNGB260008239_ KD2602040181,QTY_19회차 9485pcs\CI_9,485pcs.pdf",CI,success,1,"{""invoice_no"": ""Z202602060133"", ""pa_no"": ""MCKRJH25Q301"", ""hs_code"": ""8541430000"", ""country_of_origin"": ""China"", ""model"": ""JKM635N-78HL4"", ""qty_pc"": 9485, ""unit_price_usd_wp"": 0.11, ""total_usd"": 662527.0}"
"2026년 모듈 발주\징코솔라\선적서류\RE_ 8000363763,DJSCNGB260008239_ KD2602040181,QTY_17000 PCS, 22회차 10368pcs\PL_10,368pcs.pdf",PL,success,1,"{""invoice_no"": ""Z202602060143"", ""pa_no"": ""MCKRJH25Q301"", ""hs_code"": ""8541430000"", ""country_of_origin"": ""China""}"
"2026년 모듈 발주\징코솔라\선적서류\RE_ 8000363763,DJSCNGB260008239_ KD2602040181,QTY_17000 PCS,  21회차 13824pcs\PL_13,824pcs.pdf",PL,success,1,"{""invoice_no"": ""Z202602060140"", ""pa_no"": ""MCKRJH25Q301"", ""hs_code"": ""8541430000"", ""country_of_origin"": ""China""}"
"2026년 모듈 발주\징코솔라\선적서류\RE_ 8000363763,DJSCNGB260008239_ KD2602040181,QTY_17000 PCS, 22회차 10368pcs\RE_ 8000363763,DJSCNGB260008239_ KD2602040181,QTY_17000 PCS,3\PL_13,824pcs.pdf",PL,success,1,"{""invoice_no"": ""Z202602060140"", ""pa_no"": ""MCKRJH25Q301"", ""hs_code"": ""8541430000"", ""country_of_origin"": ""China""}"
"2026년 모듈 발주\징코솔라\선적서류\RE_ 8000363763,DJSCNGB260008239_ KD2602040181,QTY_17000 PCS,20회차 15552pcs\PL_15,552pcs.pdf",PL,success,1,"{""invoice_no"": ""Z202602060138"", ""pa_no"": ""MCKRJH25Q301"", ""hs_code"": ""8541430000"", ""country_of_origin"": ""China""}"
"2026년 모듈 발주\징코솔라\선적서류\RE_ 8000363763,DJSCNGB260008239_ KD2602040181,QTY_18회차 9216pcs\PL_9,216pcs.pdf",PL,success,1,"{""invoice_no"": ""Z202602060132"", ""pa_no"": ""MCKRJH25Q301"", ""hs_code"": ""8541430000"", ""country_of_origin"": ""China""}"
"2026년 모듈 발주\징코솔라\선적서류\RE_ 8000363763,DJSCNGB260008239_ KD2602040181,QTY_19회차 9485pcs\PL_9,485pcs.pdf",PL,success,1,"{""invoice_no"": ""Z202602060133"", ""pa_no"": ""MCKRJH25Q301"", ""hs_code"": ""8541430000"", ""country_of_origin"": ""China""}"
"2026년 모듈 발주\징코솔라\선적서류\RE_ [TOPSOLAR] MCKRJH25Q301_4 16차 자료\CI_17,280pcs_KD2602040182.pdf",CI,success,1,"{""invoice_no"": ""Z202602030187"", ""pa_no"": ""MCKRJH25Q301"", ""hs_code"": ""8541430000"", ""country_of_origin"": ""China"", ""model"": ""JKM640N-78HL4-BDV-S1"", ""qty_pc"": 17280, ""total_watt"": 11059200, ""unit_price_usd_wp"": 0.112, ""total_usd"": 1176698.0}"
"2026년 모듈 발주\징코솔라\선적서류\RE_ [TOPSOLAR] MCKRJH25Q301_4 16차 자료\PL_17,280pcs_KD2602040182.pdf",PL,success,1,"{""invoice_no"": ""Z202602030187"", ""pa_no"": ""MCKRJH25Q301"", ""hs_code"": ""8541430000"", ""country_of_origin"": ""China""}"
"2026년 모듈 발주\징코솔라\선적서류\RE_ [TOPSOLAR] MCKRJH25Q301_4 14차 자료\CI_17,280pcs_KD2602040583.pdf",CI,success,1,"{""invoice_no"": ""Z202602030180"", ""pa_no"": ""MCKRJH25Q301"", ""hs_code"": ""8541430000"", ""country_of_origin"": ""China"", ""model"": ""JKM640N-78HL4-BDV-S1"", ""qty_pc"": 17280, ""total_watt"": 11059200, ""unit_price_usd_wp"": 0.112, ""total_usd"": 1238630.0}"
"2026년 모듈 발주\징코솔라\선적서류\RE_ [TOPSOLAR] MCKRJH25Q301_4 14차 자료\PL_17,280pcs_KD2602040583.pdf",PL,success,1,"{""invoice_no"": ""Z202602030180"", ""pa_no"": ""MCKRJH25Q301"", ""hs_code"": ""8541430000"", ""country_of_origin"": ""China""}"
"2026년 모듈 발주\징코솔라\선적서류\RE_ [TOPSOLAR] MCKRJH25Q301_4 13차 자료\CI_17,280pcs_KD2602050010.pdf",CI,success,1,"{""invoice_no"": ""Z202602030181"", ""pa_no"": ""MCKRJH25Q301"", ""hs_code"": ""8541430000"", ""country_of_origin"": ""China"", ""model"": ""JKM640N-78HL4-BDV-S1"", ""qty_pc"": 17280, ""total_watt"": 11059200, ""unit_price_usd_wp"": 0.112, ""total_usd"": 1238630.0}"
"2026년 모듈 발주\징코솔라\선적서류\RE_ [TOPSOLAR] MCKRJH25Q301_4 13차 자료\PL_17,280pcs_KD2602050010.pdf",PL,success,1,"{""invoice_no"": ""Z202602030181"", ""pa_no"": ""MCKRJH25Q301"", ""hs_code"": ""8541430000"", ""country_of_origin"": ""China""}"
"2026년 모듈 발주\징코솔라\선적서류\RE_ [TOPSOLAR] MCKRJH25Q301_4 12차 자료\CI_1,656pcs_KD2602050118.pdf",CI,success,1,"{""invoice_no"": ""Z202602030178"", ""pa_no"": ""MCKRJH25Q301"", ""hs_code"": ""8541430000"", ""country_of_origin"": ""China"", ""model"": ""JKM640N-78HL4-BDV-S1"", ""qty_pc"": 1656, ""total_watt"": 1059840, ""unit_price_usd_wp"": 0.112, ""total_usd"": 118702.0}"
"2026년 모듈 발주\징코솔라\선적서류\RE_ [TOPSOLAR] MCKRJH25Q301_4 12차 자료\PL_1,656pcs_KD2602050118.pdf",PL,success,1,"{""invoice_no"": ""Z202602030178"", ""pa_no"": ""MCKRJH25Q301"", ""hs_code"": ""8541430000"", ""country_of_origin"": ""China"", ""pallets"": 1656}"
"2026년 모듈 발주\징코솔라\선적서류\RE_ [TOPSOLAR] MCKRJH25Q301_4 10차 자료\CI_17,280PCS_KD2602050263.pdf",CI,success,1,"{""invoice_no"": ""Z202602030135"", ""pa_no"": ""MCKRJH25Q301"", ""hs_code"": ""8541430000"", ""country_of_origin"": ""China"", ""model"": ""JKM635N-78HL4"", ""qty_pc"": 17280, ""total_watt"": 10972800, ""unit_price_usd_wp"": 0.11, ""total_usd"": 1207008.0}"
"2026년 모듈 발주\징코솔라\선적서류\RE_ [TOPSOLAR] MCKRJH25Q301_4 10차 자료\PL_17,280PCS_KD2602050263.pdf",PL,success,1,"{""invoice_no"": ""Z202602030135"", ""pa_no"": ""MCKRJH25Q301"", ""hs_code"": ""8541430000"", ""country_of_origin"": ""China"", ""model"": ""JKM635N-78HL4""}"
"2026년 모듈 발주\징코솔라\선적서류\RE_ [TOPSOLAR] MCKRJH25Q301_4 11차 자료\CI_17,280pcs_KD2602050264.pdf",CI,success,1,"{""invoice_no"": ""Z202602030132"", ""pa_no"": ""MCKRJH25Q301"", ""hs_code"": ""8541430000"", ""country_of_origin"": ""China"", ""model"": ""JKM635N-78HL4"", ""qty_pc"": 17280, ""total_watt"": 10972800, ""unit_price_usd_wp"": 0.11, ""total_usd"": 1207008.0}"
"2026년 모듈 발주\징코솔라\선적서류\RE_ [TOPSOLAR] MCKRJH25Q301_4 11차 자료\PL_17,280pcs_KD2602050264.pdf",PL,success,1,"{""invoice_no"": ""Z202602030132"", ""pa_no"": ""MCKRJH25Q301"", ""hs_code"": ""8541430000"", ""country_of_origin"": ""China""}"
"2026년 모듈 발주\징코솔라\선적서류\RE_ [TOPSOLAR] MCKRJH25Q301_4 17차 자료\CI_8,576pcs_KD2602050284.pdf",CI,success,1,"{""invoice_no"": ""Z202602030188"", ""pa_no"": ""MCKRJH25Q301"", ""hs_code"": ""8541430000"", ""country_of_origin"": "") CHINA"", ""model"": ""JKM640N-78HL4-BDV-S1"", ""qty_pc"": 8136, ""total_watt"": 5207040, ""unit_price_usd_wp"": 0.112, ""total_usd"": 583188.0}"
"2026년 모듈 발주\징코솔라\선적서류\RE_ [TOPSOLAR] MCKRJH25Q301_4 17차 자료\PL_8,576pcs_KD2602050284.pdf",PL,success,1,"{""invoice_no"": ""Z202602030188"", ""pa_no"": ""MCKRJH25Q301"", ""hs_code"": ""8541430000"", ""country_of_origin"": ""China"", ""pallets"": 440}"
"2026년 모듈 발주\트리나솔라\720WP 30MW\선적서류\TOPSOLAR 2601-TSI-00499-01 (1차, 15.4MW)\TED-2601-00499-00-36LC_CI&PL-통관용.pdf",PL,partial,1,"{""trade_term"": ""CIF"", ""qty_pc"": 21384, ""total_watt"": 15396480}"
